<?xml version="1.0" encoding="UTF-8" standalone="yes"?>
<taskReportHaul xmlns:a="http://www.appian.com/ae/types/2009">
    <versionUuid>62211009-0fdf-4461-a12d-77bad54d5b91</versionUuid>
    <taskReport a:uuid="a93c53f3-4eb7-4fa7-bc72-bf90cc2b9b3d" name="My Tasks">
        <a:description></a:description>
        <a:uiExpr>=#"_a-0000dcb6-5d2b-8000-5130-010000010000_32324"()</a:uiExpr>
        <a:urlStub>feJT1g</a:urlStub>
    </taskReport>
    <roleMap>
        <role name="report_viewer">
            <users/>
            <groups>
                <groupUuid>_e-0001dcd6-cfce-8000-512d-010000010000_177</groupUuid>
            </groups>
        </role>
    </roleMap>
    <history>
        <historyInfo versionUuid="62211009-0fdf-4461-a12d-77bad54d5b91"/>
    </history>
</taskReportHaul>
