<?xml version="1.0" encoding="UTF-8" standalone="yes"?>
<recordTypeHaul xmlns:a="http://www.appian.com/ae/types/2009">
    <versionUuid>d73b8427-d03e-4eb7-b375-6383c37e14ea</versionUuid>
    <recordType a:uuid="19797e90-15b4-4a42-9b86-c1e0ad2a18df" name="Study Information">
        <a:pluralName>Study Informations</a:pluralName>
        <a:description>Consolidated data of all studies</a:description>
        <a:urlStub>qtzUKA</a:urlStub>
        <a:source xmlns:xsi="http://www.w3.org/2001/XMLSchema-instance" xsi:type="a:DataStoreEntity" a:uuid="35ae1c7b-7905-4cec-845c-12e50ec45df2@_a-0000dcb6-5d2b-8000-5130-010000010000_32104"/>
        <a:listViewTemplateExpr>#"_a-0000dd0b-f547-8000-5130-010000010000_41124"()</a:listViewTemplateExpr>
        <a:fieldCfg name="Created In">
            <a:description></a:description>
            <a:sourceRef>createdOn</a:sourceRef>
            <a:isSortable>false</a:isSortable>
            <a:isSearchable>false</a:isSearchable>
            <a:isFacet>true</a:isFacet>
            <a:facetType>CUSTOM_BUCKETS_CLOSED</a:facetType>
            <a:isExclusiveFacet>true</a:isExclusiveFacet>
            <a:facetLabelExpr>"Created In"</a:facetLabelExpr>
            <a:facetOption>
                <a:labelExpr>"Last 2 Weeks"</a:labelExpr>
                <a:facetOperator>BETWEEN</a:facetOperator>
                <a:lowerLimitExpr>now()-14</a:lowerLimitExpr>
                <a:upperLimitExpr>now()</a:upperLimitExpr>
            </a:facetOption>
            <a:facetOption>
                <a:labelExpr>"Last Month"</a:labelExpr>
                <a:facetOperator>BETWEEN</a:facetOperator>
                <a:lowerLimitExpr>now()-30</a:lowerLimitExpr>
                <a:upperLimitExpr>now()</a:upperLimitExpr>
            </a:facetOption>
            <a:facetOption>
                <a:labelExpr>"Last 3 Months"</a:labelExpr>
                <a:facetOperator>BETWEEN</a:facetOperator>
                <a:lowerLimitExpr>now()-90</a:lowerLimitExpr>
                <a:upperLimitExpr>now()</a:upperLimitExpr>
            </a:facetOption>
            <a:sortOrderIndex>0</a:sortOrderIndex>
            <a:facetOrderIndex>0</a:facetOrderIndex>
            <a:visibilityExpr></a:visibilityExpr>
            <a:defaultOptionExpr></a:defaultOptionExpr>
            <a:allowMultipleSelections>false</a:allowMultipleSelections>
        </a:fieldCfg>
        <a:fieldCfg name="Study Name">
            <a:description></a:description>
            <a:sourceRef>studyName</a:sourceRef>
            <a:isSortable>false</a:isSortable>
            <a:isSearchable>false</a:isSearchable>
            <a:isFacet>true</a:isFacet>
            <a:facetType>CUSTOM_BUCKETS_CLOSED</a:facetType>
            <a:isExclusiveFacet>true</a:isExclusiveFacet>
            <a:facetLabelExpr>"Study Name"</a:facetLabelExpr>
            <a:facetOption>
                <a:labelExpr>="A - E"</a:labelExpr>
                <a:facetOperator>BETWEEN</a:facetOperator>
                <a:lowerLimitExpr>"A"</a:lowerLimitExpr>
                <a:upperLimitExpr>"E"</a:upperLimitExpr>
            </a:facetOption>
            <a:facetOption>
                <a:labelExpr>="F - J"</a:labelExpr>
                <a:facetOperator>BETWEEN</a:facetOperator>
                <a:lowerLimitExpr>"F"</a:lowerLimitExpr>
                <a:upperLimitExpr>"J"</a:upperLimitExpr>
            </a:facetOption>
            <a:facetOption>
                <a:labelExpr>="K - O"</a:labelExpr>
                <a:facetOperator>BETWEEN</a:facetOperator>
                <a:lowerLimitExpr>"K"</a:lowerLimitExpr>
                <a:upperLimitExpr>"O"</a:upperLimitExpr>
            </a:facetOption>
            <a:facetOption>
                <a:labelExpr>="P - T"</a:labelExpr>
                <a:facetOperator>BETWEEN</a:facetOperator>
                <a:lowerLimitExpr>"P"</a:lowerLimitExpr>
                <a:upperLimitExpr>"T"</a:upperLimitExpr>
            </a:facetOption>
            <a:facetOption>
                <a:labelExpr>="U - Z"</a:labelExpr>
                <a:facetOperator>BETWEEN</a:facetOperator>
                <a:lowerLimitExpr>"U"</a:lowerLimitExpr>
                <a:upperLimitExpr>"Z"</a:upperLimitExpr>
            </a:facetOption>
            <a:sortOrderIndex>1</a:sortOrderIndex>
            <a:facetOrderIndex>1</a:facetOrderIndex>
            <a:visibilityExpr></a:visibilityExpr>
            <a:defaultOptionExpr></a:defaultOptionExpr>
            <a:allowMultipleSelections>false</a:allowMultipleSelections>
        </a:fieldCfg>
        <a:detailViewCfg>
            <a:nameExpr>="Summary"</a:nameExpr>
            <a:uiExpr>#"_a-0000dd0b-f547-8000-5130-010000010000_41122"()</a:uiExpr>
            <a:visibilityExpr>=true()</a:visibilityExpr>
            <a:urlStub>summary</a:urlStub>
            <a:headerExpr></a:headerExpr>
        </a:detailViewCfg>
        <a:detailViewCfg>
            <a:nameExpr>"End Point Details"</a:nameExpr>
            <a:uiExpr>#"_a-0000dd0b-f547-8000-5130-010000010000_41125"(rf!studySetupId)</a:uiExpr>
            <a:visibilityExpr>=true()</a:visibilityExpr>
            <a:urlStub>_76iaFw</a:urlStub>
            <a:headerExpr></a:headerExpr>
        </a:detailViewCfg>
        <a:detailViewCfg>
            <a:nameExpr>"End Point Adjudication Details"</a:nameExpr>
            <a:uiExpr>#"_a-0000dd0c-08f6-8000-5130-010000010000_41140"(rf!studySetupId)</a:uiExpr>
            <a:visibilityExpr>=true()</a:visibilityExpr>
            <a:urlStub>_v315wQ</a:urlStub>
            <a:headerExpr></a:headerExpr>
        </a:detailViewCfg>
        <a:defaultSortInfo>
            <field>studySetupId</field>
            <ascending>false</ascending>
        </a:defaultSortInfo>
        <a:isSystem>false</a:isSystem>
        <a:dataSrcExpr></a:dataSrcExpr>
        <a:facetsListExpr></a:facetsListExpr>
        <a:titleExpr></a:titleExpr>
        <a:defaultFiltersExpr></a:defaultFiltersExpr>
        <a:layoutType>FEED</a:layoutType>
        <a:security>16383</a:security>
        <a:hideLatestNews>false</a:hideLatestNews>
        <a:isExportable>true</a:isExportable>
    </recordType>
    <roleMap>
        <role name="record_type_administrator">
            <users/>
            <groups>
                <groupUuid>_e-0001dcd6-cfce-8000-512d-010000010000_171</groupUuid>
            </groups>
        </role>
        <role name="record_type_viewer">
            <users/>
            <groups>
                <groupUuid>_e-0001dcd6-cfce-8000-512d-010000010000_177</groupUuid>
            </groups>
        </role>
    </roleMap>
    <history>
        <historyInfo versionUuid="d73b8427-d03e-4eb7-b375-6383c37e14ea"/>
    </history>
</recordTypeHaul>
