<?xml version="1.0" encoding="UTF-8" standalone="yes"?>
<contentHaul xmlns:a="http://www.appian.com/ae/types/2009">
    <versionUuid>_a-0000e0e6-ca6a-8000-6ee0-010000010000_70148</versionUuid>
    <rule>
        <name>EAS_RecordDynamicQuestionGridComponent</name>
        <uuid>_a-0000dcb6-5d2b-8000-5130-010000010000_32918</uuid>
        <description>To Display Study Questions and Response</description>
        <parentUuid>_a-0000dd0c-ffa4-8000-5130-010000010000_42722</parentUuid>
        <visibility>
            <advertise>false</advertise>
            <hierarchy>true</hierarchy>
            <indexable>true</indexable>
            <quota>false</quota>
            <searchable>true</searchable>
            <system>false</system>
            <unlogged>false</unlogged>
        </visibility>
        <definition>#"SYSTEM_SYSRULES_gridRowLayout"(&#xD;
  id:ri!index,&#xD;
  contents:{&#xD;
    #"SYSTEM_SYSRULES_textField"(&#xD;
    label:"Question "&amp;ri!index,&#xD;
    value:ri!questionsInfo[ri!index].questionName,&#xD;
    readOnly:true()&#xD;
  ),&#xD;
  /*a!textField(&#xD;
    label:"user id",&#xD;
    value:ri!userId&#xD;
  ),*/&#xD;
  if(ri!questionsInfo[ri!index].questionType="Subjective",&#xD;
    #"SYSTEM_SYSRULES_textField"(&#xD;
            label:"Options"&amp;ri!index,&#xD;
            required:true(),&#xD;
            labelPosition: "ADJACENT",&#xD;
            value: if(isnull(ri!response[ri!index]),{},ri!response[ri!index].response),&#xD;
            saveInto:{ri!response[ri!index].response,&#xD;
              a!save(ri!response[ri!index].questionName,ri!questionsInfo[ri!index].questionName),&#xD;
              a!save(ri!response[ri!index].reviewerId,ri!userId),&#xD;
              a!save(ri!response[ri!index].typeOfReviewer,"Primary Reviewer")&#xD;
            }&#xD;
          ),&#xD;
    #"SYSTEM_SYSRULES_radioButtonField"(&#xD;
            label:"Options"&amp;ri!index,&#xD;
            required:true(),&#xD;
            disabled: true(),&#xD;
            labelPosition: "ADJACENT",&#xD;
            choiceLabels: {if(isnull(ri!questionsInfo[ri!index].optionsInfo),{},ri!questionsInfo[ri!index].optionsInfo.optionName)},&#xD;
            choiceValues: {if(isnull(ri!questionsInfo[ri!index].optionsInfo),{},ri!questionsInfo[ri!index].optionsInfo.optionName)},&#xD;
            value: if(isnull(ri!response[ri!index]),{},ri!response[ri!index].response),&#xD;
            saveInto:{ri!response[ri!index].response,&#xD;
              a!save(ri!response[ri!index].questionName,ri!questionsInfo[ri!index].questionName),&#xD;
              a!save(ri!response[ri!index].reviewerId,ri!userId)&#xD;
            }&#xD;
          )&#xD;
          &#xD;
    )&#xD;
&#xD;
  }&#xD;
)</definition>
        <namedTypedValue>
            <name>questionsInfo</name>
            <type>
                <name>Variant</name>
                <namespace>http://www.appian.com/ae/types/2009</namespace>
            </type>
        </namedTypedValue>
        <namedTypedValue>
            <name>index</name>
            <type>
                <name>int</name>
                <namespace>http://www.w3.org/2001/XMLSchema</namespace>
            </type>
        </namedTypedValue>
        <namedTypedValue>
            <name>response</name>
            <type>
                <name>Variant</name>
                <namespace>http://www.appian.com/ae/types/2009</namespace>
            </type>
        </namedTypedValue>
        <namedTypedValue>
            <name>itemsToken</name>
            <type>
                <name>Variant</name>
                <namespace>http://www.appian.com/ae/types/2009</namespace>
            </type>
        </namedTypedValue>
        <preferredEditor>legacy</preferredEditor>
        <offlineEnabled>false</offlineEnabled>
    </rule>
    <roleMap public="true">
        <role inherit="true" allowForAll="false" name="readers">
            <users/>
            <groups/>
        </role>
        <role inherit="true" allowForAll="false" name="authors">
            <users/>
            <groups/>
        </role>
        <role inherit="true" allowForAll="false" name="administrators">
            <users/>
            <groups/>
        </role>
        <role inherit="false" allowForAll="false" name="denyReaders">
            <users/>
            <groups/>
        </role>
        <role inherit="false" allowForAll="false" name="denyAuthors">
            <users/>
            <groups/>
        </role>
        <role inherit="false" allowForAll="false" name="denyAdministrators">
            <users/>
            <groups/>
        </role>
    </roleMap>
    <history>
        <historyInfo versionUuid="_a-0000e0e6-ca6a-8000-6ee0-010000010000_70148"/>
    </history>
</contentHaul>
