<?xml version="1.0" encoding="UTF-8" standalone="yes"?>
<contentHaul xmlns:a="http://www.appian.com/ae/types/2009">
    <versionUuid>_a-0000e0e6-ca6a-8000-6ee0-010000010000_70021</versionUuid>
    <rule>
        <name>EPAS_editUser</name>
        <uuid>_a-0000dd04-c8ae-8000-5130-010000010000_40718</uuid>
        <description>Edit user information</description>
        <parentUuid>_a-0000dd0c-ffa4-8000-5130-010000010000_42707</parentUuid>
        <visibility>
            <advertise>false</advertise>
            <hierarchy>true</hierarchy>
            <indexable>true</indexable>
            <quota>false</quota>
            <searchable>true</searchable>
            <system>false</system>
            <unlogged>false</unlogged>
        </visibility>
        <definition>load(&#xD;
local!prevRole:ri!userInfo.role,&#xD;
&#xD;
#"SYSTEM_SYSRULES_formLayout"(&#xD;
      label :"User Edit Information" ,&#xD;
      firstColumnContents: {&#xD;
        #"SYSTEM_SYSRULES_textField"(&#xD;
         label: #"_a-0000dc65-81d6-8000-a73e-010000010000_2361",&#xD;
         labelPosition:"ADJACENT",&#xD;
         value:ri!userInfo.userAccountId,&#xD;
         disabled :true&#xD;
         ),&#xD;
          #"SYSTEM_SYSRULES_textField"(&#xD;
         label: #"_a-0000dc65-81d6-8000-a73e-010000010000_2362",&#xD;
         labelPosition:"ADJACENT",&#xD;
         value:ri!userInfo.firstName,&#xD;
         saveInto:ri!userInfo.firstName,&#xD;
         required:true&#xD;
         ),&#xD;
          #"SYSTEM_SYSRULES_dropdownField"(&#xD;
         label: #"_a-0000dc65-81d6-8000-a73e-010000010000_2363",&#xD;
         labelPosition:"ADJACENT",&#xD;
         choiceLabels:{#"_a-0000dd0c-ffa4-8000-5130-010000010000_42748"},&#xD;
         choiceValues:{#"_a-0000dd0c-ffa4-8000-5130-010000010000_42748"},&#xD;
         placeholderLabel:"Select",&#xD;
         value:ri!userInfo.role,&#xD;
         saveInto:{ri!userInfo.role,&#xD;
         a!save(ri!prevUserRole,local!prevRole)&#xD;
         },&#xD;
         required:true&#xD;
         ),&#xD;
        #"SYSTEM_SYSRULES_dropdownField"(&#xD;
         label: #"_a-0000dc65-81d6-8000-a73e-010000010000_2364",&#xD;
         labelPosition:"ADJACENT",&#xD;
         required:true,&#xD;
         choiceLabels:{#"_a-0000dcf6-cb79-8000-5130-010000010000_38959"},&#xD;
         choiceValues:{#"_a-0000dcf6-cb79-8000-5130-010000010000_38959"},&#xD;
         placeholderLabel:"Select",&#xD;
         value: ri!userInfo.status,&#xD;
         saveInto:ri!userInfo.status&#xD;
         )&#xD;
      },&#xD;
      secondColumnContents:{&#xD;
         #"SYSTEM_SYSRULES_textField"(&#xD;
         label: #"_a-0000dc65-81d6-8000-a73e-010000010000_2365",&#xD;
         labelPosition:"ADJACENT",&#xD;
         value: ri!userInfo.email,&#xD;
         saveInto: ri!userInfo.email,&#xD;
         required:true,&#xD;
         validations :{#"_a-0000dd0c-ffa4-8000-5130-010000010000_42740"(ri!userInfo.email)}&#xD;
         ),&#xD;
          #"SYSTEM_SYSRULES_textField"(&#xD;
         label: #"_a-0000dc65-81d6-8000-a73e-010000010000_2366",&#xD;
         labelPosition:"ADJACENT",&#xD;
         value: ri!userInfo.lastName,&#xD;
         saveInto: ri!userInfo.lastName,&#xD;
         required:true&#xD;
         ),&#xD;
        if(&#xD;
            ri!userInfo.role="CRA",&#xD;
            #"SYSTEM_SYSRULES_textField"(&#xD;
             label: #"_a-0000dc65-81d6-8000-a73e-010000010000_2367",&#xD;
             labelPosition:"ADJACENT",&#xD;
             value:if(isnull(ri!userInfo.siteName),{},ri!userInfo.siteName),&#xD;
             saveInto:ri!userInfo.siteName&#xD;
             ),&#xD;
            {}&#xD;
        ),&#xD;
        #"SYSTEM_SYSRULES_textField"(&#xD;
         label: #"_a-0000dc65-81d6-8000-a73e-010000010000_2368",&#xD;
         labelPosition:"ADJACENT",&#xD;
         value: ri!userInfo.contactPhone,&#xD;
         saveInto: ri!userInfo.contactPhone,&#xD;
         required:true&#xD;
         )&#xD;
 &#xD;
      },&#xD;
      buttons: #"SYSTEM_SYSRULES_ButtonLayout"(&#xD;
			primaryButtons: {&#xD;
			  #"SYSTEM_SYSRULES_ButtonWidgetSubmit"(&#xD;
				label: "Update",&#xD;
				style: "PRIMARY",&#xD;
				value: #"_a-0000dc65-81d6-8000-a73e-010000010000_2375",&#xD;
				saveInto: ri!button_txt&#xD;
			  )&#xD;
			},&#xD;
			secondaryButtons: {&#xD;
			  #"SYSTEM_SYSRULES_ButtonWidgetSubmit"(&#xD;
				label: "Cancel",&#xD;
				skipValidation: true,&#xD;
				value: #"_a-0000dc65-81d6-8000-a73e-010000010000_2381",&#xD;
				saveInto: ri!button_txt&#xD;
			  )&#xD;
			}&#xD;
		)&#xD;
    )&#xD;
    &#xD;
    )</definition>
        <namedTypedValue>
            <name>userInfo</name>
            <type>
                <name>Variant</name>
                <namespace>http://www.appian.com/ae/types/2009</namespace>
            </type>
        </namedTypedValue>
        <namedTypedValue>
            <name>button_txt</name>
            <type>
                <name>string</name>
                <namespace>http://www.w3.org/2001/XMLSchema</namespace>
            </type>
            <value/>
        </namedTypedValue>
        <namedTypedValue>
            <name>prevUserRole</name>
            <type>
                <name>string</name>
                <namespace>http://www.w3.org/2001/XMLSchema</namespace>
            </type>
            <value/>
        </namedTypedValue>
        <preferredEditor>interface</preferredEditor>
        <offlineEnabled>false</offlineEnabled>
    </rule>
    <roleMap public="true">
        <role inherit="true" allowForAll="false" name="readers">
            <users/>
            <groups/>
        </role>
        <role inherit="true" allowForAll="false" name="authors">
            <users/>
            <groups/>
        </role>
        <role inherit="true" allowForAll="false" name="administrators">
            <users>
                <userUuid>Administrator</userUuid>
            </users>
            <groups/>
        </role>
        <role inherit="false" allowForAll="false" name="denyReaders">
            <users/>
            <groups/>
        </role>
        <role inherit="false" allowForAll="false" name="denyAuthors">
            <users/>
            <groups/>
        </role>
        <role inherit="false" allowForAll="false" name="denyAdministrators">
            <users/>
            <groups/>
        </role>
    </roleMap>
    <history>
        <historyInfo versionUuid="_a-0000e0e6-ca6a-8000-6ee0-010000010000_70021"/>
    </history>
</contentHaul>
