<?xml version="1.0" encoding="UTF-8" standalone="yes"?>
<contentHaul xmlns:a="http://www.appian.com/ae/types/2009">
    <versionUuid>_a-0000e0e6-ca6a-8000-6ee0-010000010000_69960</versionUuid>
    <rule>
        <name>EPAS_endSetupInfoDocuments</name>
        <uuid>_a-0000dcd7-2308-8000-5130-010000010000_35401</uuid>
        <description>Setup Info Document for EndPoint Setup</description>
        <parentUuid>_a-0000dd0c-ffa4-8000-5130-010000010000_42706</parentUuid>
        <visibility>
            <advertise>false</advertise>
            <hierarchy>true</hierarchy>
            <indexable>true</indexable>
            <quota>false</quota>
            <searchable>true</searchable>
            <system>false</system>
            <unlogged>false</unlogged>
        </visibility>
        <definition>#"SYSTEM_SYSRULES_gridRowLayout"(&#xD;
  id: ri!index,&#xD;
  contents: {&#xD;
    #"SYSTEM_SYSRULES_textField"(&#xD;
      /* Labels are not visible in grid cells but are necessary to meet accessibility requirements `*/&#xD;
      label: "Document Type ",&#xD;
      value:if(isnull(ri!docListInfo[ri!index]),null(),index(ri!docListInfo[ri!index],"docType",{})),&#xD;
      saveInto:ri!docListInfo[ri!index].docType,&#xD;
      required: true&#xD;
    ),&#xD;
      #"SYSTEM_SYSRULES_linkField"(&#xD;
      label: "delete " &amp; ri!index,&#xD;
      links: #"SYSTEM_SYSRULES_dynamicLink"(&#xD;
        label: char(10005),&#xD;
        value: ri!index,&#xD;
        saveInto: {&#xD;
          a!save(ri!docListInfo, remove(ri!docListInfo, save!value)),&#xD;
          /*` When modifying the size of the array used in a!applyComponents, */&#xD;
          /* make the same change in the "token" array variable               */&#xD;
          a!save(ri!itemsToken, remove(ri!itemsToken, save!value))&#xD;
         &#xD;
        },&#xD;
      align: "CENTER"&#xD;
      )&#xD;
      )&#xD;
   &#xD;
  }&#xD;
)</definition>
        <namedTypedValue>
            <name>docListInfo</name>
            <type>
                <name>Variant</name>
                <namespace>http://www.appian.com/ae/types/2009</namespace>
            </type>
        </namedTypedValue>
        <namedTypedValue>
            <name>index</name>
            <type>
                <name>Integer?list</name>
                <namespace>http://www.appian.com/ae/types/2009</namespace>
            </type>
        </namedTypedValue>
        <namedTypedValue>
            <name>itemsToken</name>
            <type>
                <name>Variant</name>
                <namespace>http://www.appian.com/ae/types/2009</namespace>
            </type>
        </namedTypedValue>
        <preferredEditor>interface</preferredEditor>
        <offlineEnabled>false</offlineEnabled>
    </rule>
    <roleMap public="true">
        <role inherit="true" allowForAll="false" name="readers">
            <users/>
            <groups/>
        </role>
        <role inherit="true" allowForAll="false" name="authors">
            <users/>
            <groups/>
        </role>
        <role inherit="true" allowForAll="false" name="administrators">
            <users>
                <userUuid>Administrator</userUuid>
            </users>
            <groups/>
        </role>
        <role inherit="false" allowForAll="false" name="denyReaders">
            <users/>
            <groups/>
        </role>
        <role inherit="false" allowForAll="false" name="denyAuthors">
            <users/>
            <groups/>
        </role>
        <role inherit="false" allowForAll="false" name="denyAdministrators">
            <users/>
            <groups/>
        </role>
    </roleMap>
    <history>
        <historyInfo versionUuid="_a-0000e0e6-ca6a-8000-6ee0-010000010000_69960"/>
    </history>
</contentHaul>
