<?xml version="1.0" encoding="UTF-8" standalone="yes"?>
<contentHaul xmlns:a="http://www.appian.com/ae/types/2009">
    <versionUuid>_a-0000e0e6-ca6a-8000-6ee0-010000010000_70031</versionUuid>
    <rule>
        <name>EPAS_GridImageForEndPointSec</name>
        <uuid>_a-0000dd0b-f547-8000-5130-010000010000_41129</uuid>
        <description>Grid Image for End Point Secondary Details</description>
        <parentUuid>_a-0000dd0c-ffa4-8000-5130-010000010000_42713</parentUuid>
        <visibility>
            <advertise>false</advertise>
            <hierarchy>true</hierarchy>
            <indexable>true</indexable>
            <quota>false</quota>
            <searchable>true</searchable>
            <system>false</system>
            <unlogged>false</unlogged>
        </visibility>
        <definition>&#xD;
  if(&#xD;
    ri!value,&#xD;
  &#xD;
      #"SYSTEM_SYSRULES_documentImage"(&#xD;
       #"SYSTEM_SYSRULES_iconIndicator"(&#xD;
          "STATUS_OK"&#xD;
        )&#xD;
      )&#xD;
  ,&#xD;
    #"SYSTEM_SYSRULES_documentImage"(&#xD;
      #"SYSTEM_SYSRULES_iconIndicator"(&#xD;
        "STATUS_ERROR"&#xD;
      )&#xD;
    )&#xD;
  )&#xD;
</definition>
        <namedTypedValue>
            <name>value</name>
            <type>
                <name>boolean</name>
                <namespace>http://www.w3.org/2001/XMLSchema</namespace>
            </type>
        </namedTypedValue>
        <preferredEditor>legacy</preferredEditor>
        <offlineEnabled>false</offlineEnabled>
    </rule>
    <roleMap public="true">
        <role inherit="false" allowForAll="true" name="readers">
            <users/>
            <groups/>
        </role>
        <role inherit="false" allowForAll="false" name="authors">
            <users/>
            <groups/>
        </role>
        <role inherit="false" allowForAll="false" name="administrators">
            <users/>
            <groups>
                <groupUuid>_e-0001dcd6-cfce-8000-512d-010000010000_177</groupUuid>
            </groups>
        </role>
        <role inherit="false" allowForAll="false" name="denyReaders">
            <users/>
            <groups/>
        </role>
        <role inherit="false" allowForAll="false" name="denyAuthors">
            <users/>
            <groups/>
        </role>
        <role inherit="false" allowForAll="false" name="denyAdministrators">
            <users/>
            <groups/>
        </role>
    </roleMap>
    <history>
        <historyInfo versionUuid="_a-0000e0e6-ca6a-8000-6ee0-010000010000_70031"/>
    </history>
</contentHaul>
