<?xml version="1.0" encoding="UTF-8" standalone="yes"?>
<contentHaul xmlns:a="http://www.appian.com/ae/types/2009">
    <versionUuid>_a-0000e0e6-ca6a-8000-6ee0-010000010000_70036</versionUuid>
    <rule>
        <name>EPAS_statusImageForAdjud</name>
        <uuid>_a-0000dd0c-08f6-8000-5130-010000010000_41142</uuid>
        <description>Status Image for Adjudication</description>
        <parentUuid>_a-0000dd0c-ffa4-8000-5130-010000010000_42705</parentUuid>
        <visibility>
            <advertise>false</advertise>
            <hierarchy>true</hierarchy>
            <indexable>true</indexable>
            <quota>false</quota>
            <searchable>true</searchable>
            <system>false</system>
            <unlogged>false</unlogged>
        </visibility>
        <definition>&#xD;
  if(ri!EAS_StudyMain_CDT.adjudicationstatus=#"_a-0000dcff-77ee-8000-5130-010000010000_40527"[1],&#xD;
  #"SYSTEM_SYSRULES_documentImage"(&#xD;
    document:#"SYSTEM_SYSRULES_iconIndicator"(icon:"STATUS_WARN")&#xD;
),&#xD;
if(ri!EAS_StudyMain_CDT.adjudicationstatus=#"_a-0000dcff-77ee-8000-5130-010000010000_40527"[2],&#xD;
  #"SYSTEM_SYSRULES_documentImage"(&#xD;
    document:#"SYSTEM_SYSRULES_iconIndicator"(icon:"STATUS_WARN")&#xD;
),&#xD;
if(or(&#xD;
  ri!EAS_StudyMain_CDT.adjudicationstatus=#"_a-0000dcff-77ee-8000-5130-010000010000_40527"[4],&#xD;
  ri!EAS_StudyMain_CDT.adjudicationstatus=#"_a-0000dcff-77ee-8000-5130-010000010000_40527"[5]&#xD;
  ),&#xD;
  #"SYSTEM_SYSRULES_documentImage"(&#xD;
    document:#"SYSTEM_SYSRULES_iconIndicator"(icon:"STATUS_OK")&#xD;
),&#xD;
if(ri!EAS_StudyMain_CDT.adjudicationstatus=#"_a-0000dcff-77ee-8000-5130-010000010000_40527"[3],&#xD;
  #"SYSTEM_SYSRULES_documentImage"(&#xD;
    document:#"SYSTEM_SYSRULES_iconIndicator"(icon:"WAIT_CLOCK")&#xD;
),&#xD;
  &#xD;
    #"SYSTEM_SYSRULES_documentImage"(&#xD;
    document:#"SYSTEM_SYSRULES_iconIndicator"(icon:"PROGRESS_RUNNING")&#xD;
    )&#xD;
  &#xD;
  )&#xD;
)))</definition>
        <namedTypedValue>
            <name>EAS_StudyMain_CDT</name>
            <type>
                <name>Variant</name>
                <namespace>http://www.appian.com/ae/types/2009</namespace>
            </type>
        </namedTypedValue>
        <preferredEditor>legacy</preferredEditor>
        <offlineEnabled>false</offlineEnabled>
    </rule>
    <roleMap public="true">
        <role inherit="true" allowForAll="false" name="readers">
            <users/>
            <groups/>
        </role>
        <role inherit="true" allowForAll="false" name="authors">
            <users/>
            <groups/>
        </role>
        <role inherit="true" allowForAll="false" name="administrators">
            <users/>
            <groups/>
        </role>
        <role inherit="false" allowForAll="false" name="denyReaders">
            <users/>
            <groups/>
        </role>
        <role inherit="false" allowForAll="false" name="denyAuthors">
            <users/>
            <groups/>
        </role>
        <role inherit="false" allowForAll="false" name="denyAdministrators">
            <users/>
            <groups/>
        </role>
    </roleMap>
    <history>
        <historyInfo versionUuid="_a-0000e0e6-ca6a-8000-6ee0-010000010000_70036"/>
    </history>
</contentHaul>
