<?xml version="1.0" encoding="UTF-8" standalone="yes"?>
<contentHaul xmlns:a="http://www.appian.com/ae/types/2009">
    <versionUuid>_a-0000e0e6-ca6a-8000-6ee0-010000010000_69977</versionUuid>
    <rule>
        <name>EPAS_addUserConfirmation</name>
        <uuid>_a-0000dcf6-cb79-8000-5130-010000010000_38970</uuid>
        <description>Confirmation Screen for Add User</description>
        <parentUuid>_a-0000dd0c-ffa4-8000-5130-010000010000_42707</parentUuid>
        <visibility>
            <advertise>false</advertise>
            <hierarchy>true</hierarchy>
            <indexable>true</indexable>
            <quota>false</quota>
            <searchable>true</searchable>
            <system>false</system>
            <unlogged>false</unlogged>
        </visibility>
        <definition>#"SYSTEM_SYSRULES_formLayout"(
  /*label:"Confirmation Screen",*/
  firstColumnContents:{
    #"SYSTEM_SYSRULES_richTextDisplayField"(
      label:"",
      value:#"SYSTEM_SYSRULES_richTextItem"(text:ri!userName &amp;" has been added to the System .",style:"HEADER_MEDIUM")
    )
  },
  buttons:{
  #"SYSTEM_SYSRULES_ButtonLayout"(
    primaryButtons:{
      #"SYSTEM_SYSRULES_ButtonWidgetSubmit"(
        label:"Ok",
        style:"PRIMARY"
      )
    }
  )
  }
)</definition>
        <namedTypedValue>
            <name>userName</name>
            <type>
                <name>string</name>
                <namespace>http://www.w3.org/2001/XMLSchema</namespace>
            </type>
            <value/>
        </namedTypedValue>
        <preferredEditor>interface</preferredEditor>
        <offlineEnabled>false</offlineEnabled>
    </rule>
    <roleMap public="true">
        <role inherit="true" allowForAll="false" name="readers">
            <users/>
            <groups/>
        </role>
        <role inherit="true" allowForAll="false" name="authors">
            <users/>
            <groups/>
        </role>
        <role inherit="true" allowForAll="false" name="administrators">
            <users>
                <userUuid>Administrator</userUuid>
            </users>
            <groups/>
        </role>
        <role inherit="false" allowForAll="false" name="denyReaders">
            <users/>
            <groups/>
        </role>
        <role inherit="false" allowForAll="false" name="denyAuthors">
            <users/>
            <groups/>
        </role>
        <role inherit="false" allowForAll="false" name="denyAdministrators">
            <users/>
            <groups/>
        </role>
    </roleMap>
    <history>
        <historyInfo versionUuid="_a-0000e0e6-ca6a-8000-6ee0-010000010000_69977"/>
    </history>
</contentHaul>
