<?xml version="1.0" encoding="UTF-8" standalone="yes"?>
<contentHaul xmlns:a="http://www.appian.com/ae/types/2009">
    <versionUuid>_a-0000e0e6-ca6a-8000-6ee0-010000010000_70032</versionUuid>
    <rule>
        <name>EPAS_documentImageForEndPoint</name>
        <uuid>_a-0000dd0b-f547-8000-5130-010000010000_41131</uuid>
        <description>Document Image for End Point</description>
        <parentUuid>_a-0000dd0c-ffa4-8000-5130-010000010000_42714</parentUuid>
        <visibility>
            <advertise>false</advertise>
            <hierarchy>true</hierarchy>
            <indexable>true</indexable>
            <quota>false</quota>
            <searchable>true</searchable>
            <system>false</system>
            <unlogged>false</unlogged>
        </visibility>
        <definition>&#xD;
if(ri!context = "other",&#xD;
 if(&#xD;
    or(&#xD;
      isnull(ri!value.questionsInfo),&#xD;
      len(ri!value.questionsInfo)=0&#xD;
      ),&#xD;
  &#xD;
      #"SYSTEM_SYSRULES_documentImage"(&#xD;
       #"SYSTEM_SYSRULES_iconIndicator"(&#xD;
          "STATUS_NOTDONE"&#xD;
        )&#xD;
      )&#xD;
  ,&#xD;
    #"SYSTEM_SYSRULES_documentImage"(&#xD;
      #"SYSTEM_SYSRULES_iconIndicator"(&#xD;
        "STATUS_OK"&#xD;
      )&#xD;
    )&#xD;
  ),&#xD;
  if(&#xD;
    or(&#xD;
      isnull(ri!value.docChecklistInfo),&#xD;
      len(ri!value.docChecklistInfo)=0&#xD;
      ),&#xD;
  &#xD;
      #"SYSTEM_SYSRULES_documentImage"(&#xD;
       #"SYSTEM_SYSRULES_iconIndicator"(&#xD;
          "STATUS_NOTDONE"&#xD;
        )&#xD;
      )&#xD;
  ,&#xD;
    #"SYSTEM_SYSRULES_documentImage"(&#xD;
      #"SYSTEM_SYSRULES_iconIndicator"(&#xD;
        "STATUS_OK"&#xD;
      )&#xD;
    )&#xD;
  )&#xD;
  )</definition>
        <namedTypedValue>
            <name>value</name>
            <type>
                <name>Variant</name>
                <namespace>http://www.appian.com/ae/types/2009</namespace>
            </type>
        </namedTypedValue>
        <namedTypedValue>
            <name>context</name>
            <type>
                <name>string</name>
                <namespace>http://www.w3.org/2001/XMLSchema</namespace>
            </type>
            <value/>
        </namedTypedValue>
        <preferredEditor>interface</preferredEditor>
        <offlineEnabled>false</offlineEnabled>
    </rule>
    <roleMap public="true">
        <role inherit="true" allowForAll="false" name="readers">
            <users/>
            <groups/>
        </role>
        <role inherit="true" allowForAll="false" name="authors">
            <users/>
            <groups/>
        </role>
        <role inherit="true" allowForAll="false" name="administrators">
            <users/>
            <groups/>
        </role>
        <role inherit="false" allowForAll="false" name="denyReaders">
            <users/>
            <groups/>
        </role>
        <role inherit="false" allowForAll="false" name="denyAuthors">
            <users/>
            <groups/>
        </role>
        <role inherit="false" allowForAll="false" name="denyAdministrators">
            <users/>
            <groups/>
        </role>
    </roleMap>
    <history>
        <historyInfo versionUuid="_a-0000e0e6-ca6a-8000-6ee0-010000010000_70032"/>
    </history>
</contentHaul>
