<?xml version="1.0" encoding="UTF-8" standalone="yes"?>
<contentHaul xmlns:a="http://www.appian.com/ae/types/2009">
    <versionUuid>_a-0000e0e6-ca6a-8000-6ee0-010000010000_70056</versionUuid>
    <rule>
        <name>EPAS_studyAdminDashboard</name>
        <uuid>_a-0000dcb6-5d2b-8000-5130-010000010000_32747</uuid>
        <description>Study Admin Dashboard</description>
        <parentUuid>_a-0000dd0c-ffa4-8000-5130-010000010000_42706</parentUuid>
        <visibility>
            <advertise>false</advertise>
            <hierarchy>true</hierarchy>
            <indexable>true</indexable>
            <quota>false</quota>
            <searchable>true</searchable>
            <system>false</system>
            <unlogged>false</unlogged>
        </visibility>
        <definition>= #"SYSTEM_SYSRULES_formLayout"(
  firstColumnContents: {
    #"SYSTEM_SYSRULES_sectionLayout"(
      firstColumnContents: {
        #"_a-0000dcb6-5d2b-8000-5130-010000010000_32750"()
      },
      secondColumnContents: {
        #"_a-0000dcb6-5d2b-8000-5130-010000010000_32346"()
      }
    ),
    #"SYSTEM_SYSRULES_sectionLayout"(
      firstColumnContents:{
       #"_a-0000dd0c-08f6-8000-5130-010000010000_41198"()
      }
    )
  }
)</definition>
        <preferredEditor>interface</preferredEditor>
        <offlineEnabled>false</offlineEnabled>
    </rule>
    <roleMap public="true">
        <role inherit="true" allowForAll="false" name="readers">
            <users/>
            <groups/>
        </role>
        <role inherit="true" allowForAll="false" name="authors">
            <users/>
            <groups/>
        </role>
        <role inherit="true" allowForAll="false" name="administrators">
            <users/>
            <groups/>
        </role>
        <role inherit="false" allowForAll="false" name="denyReaders">
            <users/>
            <groups/>
        </role>
        <role inherit="false" allowForAll="false" name="denyAuthors">
            <users/>
            <groups/>
        </role>
        <role inherit="false" allowForAll="false" name="denyAdministrators">
            <users/>
            <groups/>
        </role>
    </roleMap>
    <history>
        <historyInfo versionUuid="_a-0000e0e6-ca6a-8000-6ee0-010000010000_70056"/>
    </history>
</contentHaul>
