<?xml version="1.0" encoding="UTF-8" standalone="yes"?>
<contentHaul xmlns:a="http://www.appian.com/ae/types/2009">
    <versionUuid>_a-0000e0e6-ca6a-8000-6ee0-010000010000_70029</versionUuid>
    <rule>
        <name>EPAS_studySetupListView</name>
        <uuid>_a-0000dd0b-f547-8000-5130-010000010000_41124</uuid>
        <description>List View to display the Study Setup Records</description>
        <parentUuid>_a-0000dd0c-ffa4-8000-5130-010000010000_42714</parentUuid>
        <visibility>
            <advertise>false</advertise>
            <hierarchy>true</hierarchy>
            <indexable>true</indexable>
            <quota>false</quota>
            <searchable>true</searchable>
            <system>false</system>
            <unlogged>false</unlogged>
        </visibility>
        <definition>#"SYSTEM_SYSRULES_listViewItem"(
  title: "EAS-ST-"&amp;rf!studySetupId,
  details: "Study Name: "&amp;rf!studyName&amp;" | Description: "&amp;rf!description,
  image: todocument(#"_a-0000dd0c-ffa4-8000-5130-010000010000_43029"), 

  timestamp: rf!createdOn
)</definition>
        <preferredEditor>legacy</preferredEditor>
        <offlineEnabled>false</offlineEnabled>
    </rule>
    <roleMap public="true">
        <role inherit="true" allowForAll="false" name="readers">
            <users/>
            <groups/>
        </role>
        <role inherit="true" allowForAll="false" name="authors">
            <users/>
            <groups/>
        </role>
        <role inherit="true" allowForAll="false" name="administrators">
            <users/>
            <groups/>
        </role>
        <role inherit="false" allowForAll="false" name="denyReaders">
            <users/>
            <groups/>
        </role>
        <role inherit="false" allowForAll="false" name="denyAuthors">
            <users/>
            <groups/>
        </role>
        <role inherit="false" allowForAll="false" name="denyAdministrators">
            <users/>
            <groups/>
        </role>
    </roleMap>
    <history>
        <historyInfo versionUuid="_a-0000e0e6-ca6a-8000-6ee0-010000010000_70029"/>
    </history>
</contentHaul>
