<?xml version="1.0" encoding="UTF-8" standalone="yes"?>
<contentHaul xmlns:a="http://www.appian.com/ae/types/2009">
    <versionUuid>_a-0000e0e6-ca6a-8000-6ee0-010000010000_69989</versionUuid>
    <queryRule>
        <name>EPAS_getDocCheckListByEndPointId</name>
        <uuid>_a-0000dcff-77ee-8000-5130-010000010000_40030</uuid>
        <description>Query Rule to get Document Check List By End Point Id</description>
        <folderUuid>_a-0000dd0c-ffa4-8000-5130-010000010000_42709</folderUuid>
        <dataStoreEntityCompositeUuid>88c63601-b59a-4dac-83ba-9f488373aa0d@_a-0000dcb6-5d2b-8000-5130-010000010000_32104</dataStoreEntityCompositeUuid>
        <params>
            <param>
                <description></description>
                <name>endPointId</name>
                <type>{http://www.appian.com/ae/types/2009}Integer?list</type>
            </param>
        </params>
        <filters>
            <filter>
                <field>
                    <name>endPointSetId</name>
                    <type>{http://www.w3.org/2001/XMLSchema}int</type>
                </field>
                <op>in</op>
                <value>endPointId</value>
                <valueType>PARAMETER</valueType>
            </filter>
        </filters>
        <orderings/>
    </queryRule>
    <roleMap public="false">
        <role inherit="true" allowForAll="false" name="readers">
            <users/>
            <groups/>
        </role>
        <role inherit="true" allowForAll="false" name="authors">
            <users/>
            <groups/>
        </role>
        <role inherit="true" allowForAll="false" name="administrators">
            <users/>
            <groups/>
        </role>
        <role inherit="false" allowForAll="false" name="denyReaders">
            <users/>
            <groups/>
        </role>
        <role inherit="false" allowForAll="false" name="denyAuthors">
            <users/>
            <groups/>
        </role>
        <role inherit="false" allowForAll="false" name="denyAdministrators">
            <users/>
            <groups/>
        </role>
    </roleMap>
    <history>
        <historyInfo versionUuid="_a-0000e0e6-ca6a-8000-6ee0-010000010000_69989"/>
    </history>
</contentHaul>
