<?xml version="1.0" encoding="UTF-8" standalone="yes"?>
<contentHaul xmlns:a="http://www.appian.com/ae/types/2009">
    <versionUuid>_a-0000e0e6-ca6a-8000-6ee0-010000010000_70046</versionUuid>
    <rule>
        <name>EPAS_userAdjGrid</name>
        <uuid>_a-0000dd0c-08f6-8000-5130-010000010000_41173</uuid>
        <description>Grid of Adj Status for the users</description>
        <parentUuid>_a-0000dd0c-ffa4-8000-5130-010000010000_42717</parentUuid>
        <visibility>
            <advertise>false</advertise>
            <hierarchy>true</hierarchy>
            <indexable>true</indexable>
            <quota>false</quota>
            <searchable>true</searchable>
            <system>false</system>
            <unlogged>false</unlogged>
        </visibility>
        <definition>load(&#xD;
  local!pagingInfo: #"SYSTEM_SYSRULES_pagingInfo"(&#xD;
    startIndex: 1,&#xD;
    batchSize: 5,&#xD;
    sort: #"SYSTEM_SYSRULES_sortInfo"(&#xD;
      field: "adjudInfoId",&#xD;
      ascending: false()&#xD;
    )&#xD;
  ),&#xD;
    local!thisUser:loggedInUser(),&#xD;
    local!userCases1: #"SYSTEM_SYSRULES_queryEntity"(&#xD;
      entity: #"_a-0000dcff-77ee-8000-5130-010000010000_40362",&#xD;
      query: #"SYSTEM_SYSRULES_query"(&#xD;
        selection: #"SYSTEM_SYSRULES_querySelection"(columns: {&#xD;
          #"SYSTEM_SYSRULES_queryColumn"(field: "userName"),&#xD;
          #"SYSTEM_SYSRULES_queryColumn"(field: "adjudId"),&#xD;
         }),&#xD;
      filter:#"SYSTEM_SYSRULES_queryFilter"(&#xD;
          field:"userName",&#xD;
          operator:"=",&#xD;
          value:local!thisUser&#xD;
        ),&#xD;
        pagingInfo:#"SYSTEM_SYSRULES_pagingInfo"(startIndex: 1,batchSize:-1)&#xD;
      )&#xD;
    ).data,&#xD;
    local!userCases3:index(local!userCases1,"adjudId",null),&#xD;
    local!userCases2:union(local!userCases3,local!userCases3),&#xD;
    local!userCases:tointeger(local!userCases2),&#xD;
    /*{700197,700200,700215,700219},*/&#xD;
  with(&#xD;
    local!datasubset: #"SYSTEM_SYSRULES_queryEntity"(&#xD;
      entity: #"_a-0000dcd7-2308-8000-5130-010000010000_35203",&#xD;
      query: #"SYSTEM_SYSRULES_query"(&#xD;
        selection: #"SYSTEM_SYSRULES_querySelection"(columns: {&#xD;
          #"SYSTEM_SYSRULES_queryColumn"(field: "studyName"),&#xD;
          #"SYSTEM_SYSRULES_queryColumn"(field: "adjudInfoId"),&#xD;
          #"SYSTEM_SYSRULES_queryColumn"(field: "processId"),&#xD;
          #"SYSTEM_SYSRULES_queryColumn"(field: "endpointName"),&#xD;
          #"SYSTEM_SYSRULES_queryColumn"(field: "endpointDate"),&#xD;
          #"SYSTEM_SYSRULES_queryColumn"(field: "subjectId"),&#xD;
          #"SYSTEM_SYSRULES_queryColumn"(field: "studySetupId"),          &#xD;
          #"SYSTEM_SYSRULES_queryColumn"(field: "adjudicationStatus")&#xD;
        }),&#xD;
        filter:#"SYSTEM_SYSRULES_queryFilter"(&#xD;
          field:"adjudInfoId",&#xD;
          operator:"in",&#xD;
          value:local!userCases&#xD;
        ), &#xD;
        pagingInfo: local!pagingInfo&#xD;
      )&#xD;
    ),&#xD;
    {&#xD;
/*    a!paragraphField(&#xD;
      label:userCases,&#xD;
      value:local!userCases1&#xD;
    ), &#xD;
    */&#xD;
if(local!datasubset.totalCount&gt;0,&#xD;
    #"SYSTEM_SYSRULES_gridField"(&#xD;
      label:"End Point Adjudication Status",&#xD;
      totalCount: local!datasubset.totalCount,&#xD;
      columns: {&#xD;
        &#xD;
       #"SYSTEM_SYSRULES_gridTextColumn"(&#xD;
          label: "Adjudication ID",&#xD;
          field: "caseId",&#xD;
          data: index(local!datasubset.data, "adjudInfoId", null),&#xD;
          links:apply(#"_a-0000dd0c-08f6-8000-5130-010000010000_41147",local!datasubset.data)&#xD;
        ),&#xD;
        #"SYSTEM_SYSRULES_gridTextColumn"(&#xD;
          label: "Study Name",&#xD;
          field: "studyName",&#xD;
          data: index(local!datasubset.data, "studyName", null),&#xD;
          links:apply(#"_a-0000dd0c-ffa4-8000-5130-010000010000_41450",&#xD;
                      local!datasubset.data)&#xD;
        ),&#xD;
        #"SYSTEM_SYSRULES_gridTextColumn"(&#xD;
          label: "End Point Name",&#xD;
          field: "endpointName",&#xD;
          data: index(local!datasubset.data, "endpointName", null)&#xD;
        ),        &#xD;
        #"SYSTEM_SYSRULES_gridTextColumn"(&#xD;
          label: "Subject Name",&#xD;
          field: "subjectName",&#xD;
          data: index(local!datasubset.data, "subjectId", null)&#xD;
        ),&#xD;
        #"SYSTEM_SYSRULES_gridTextColumn"(&#xD;
          label: "End Point Date",&#xD;
          field: "endpointDate",&#xD;
          data:text(todate(index(local!datasubset.data, "endpointDate", null)),"mmm-dd-yy") &#xD;
        ),&#xD;
        #"SYSTEM_SYSRULES_gridTextColumn"(&#xD;
          label: "Adjudication Status",&#xD;
          field: "adjudicationStatus",&#xD;
          data: index(local!datasubset.data, "adjudicationStatus", null)&#xD;
        ),&#xD;
        #"SYSTEM_SYSRULES_gridImageColumn"(&#xD;
          label:"% Completion",&#xD;
          field:"perStatus",&#xD;
          data:if(&#xD;
              	#"_a-0000d62a-67b3-8000-da6f-010000010000_951"(&#xD;
              	  local!datasubset.data&#xD;
              	),&#xD;
              	null,&#xD;
              	apply(&#xD;
              	  #"_a-0000dd0c-08f6-8000-5130-010000010000_41185"(&#xD;
              		_&#xD;
              	  ),&#xD;
              	  index(&#xD;
              		local!datasubset.data,&#xD;
              		"adjudicationStatus",&#xD;
              		null&#xD;
              	  )&#xD;
              	)&#xD;
                ),&#xD;
           size: "ICON"&#xD;
      	  )&#xD;
      },&#xD;
      value: local!pagingInfo,&#xD;
      saveInto: local!pagingInfo&#xD;
    ),{}&#xD;
)&#xD;
    }&#xD;
  )&#xD;
)&#xD;
</definition>
        <preferredEditor>interface</preferredEditor>
        <offlineEnabled>false</offlineEnabled>
    </rule>
    <roleMap public="true">
        <role inherit="true" allowForAll="false" name="readers">
            <users/>
            <groups/>
        </role>
        <role inherit="true" allowForAll="false" name="authors">
            <users/>
            <groups/>
        </role>
        <role inherit="true" allowForAll="false" name="administrators">
            <users/>
            <groups/>
        </role>
        <role inherit="false" allowForAll="false" name="denyReaders">
            <users/>
            <groups/>
        </role>
        <role inherit="false" allowForAll="false" name="denyAuthors">
            <users/>
            <groups/>
        </role>
        <role inherit="false" allowForAll="false" name="denyAdministrators">
            <users/>
            <groups/>
        </role>
    </roleMap>
    <history>
        <historyInfo versionUuid="_a-0000e0e6-ca6a-8000-6ee0-010000010000_70046"/>
    </history>
</contentHaul>
