<?xml version="1.0" encoding="UTF-8" standalone="yes"?>
<contentHaul xmlns:a="http://www.appian.com/ae/types/2009">
    <versionUuid>_a-0000e0e6-ca6a-8000-6ee0-010000010000_70060</versionUuid>
    <rule>
        <name>EPAS_studiesvsAdjReport</name>
        <uuid>_a-0000dd0c-ffa4-8000-5130-010000010000_41413</uuid>
        <description>All studies vs endpoint adjudications</description>
        <parentUuid>_a-0000dd0c-ffa4-8000-5130-010000010000_42718</parentUuid>
        <visibility>
            <advertise>false</advertise>
            <hierarchy>true</hierarchy>
            <indexable>true</indexable>
            <quota>false</quota>
            <searchable>true</searchable>
            <system>false</system>
            <unlogged>false</unlogged>
        </visibility>
        <definition>load(
  local!selectedValue,
  #"SYSTEM_SYSRULES_dashboardLayout"(
    firstColumnContents: {
      #"SYSTEM_SYSRULES_sectionLayout"(
        firstColumnContents: {
          #"_a-0000dd0c-ffa4-8000-5130-010000010000_41420"()
        },
        secondColumnContents: {
          #"_a-0000dd0c-ffa4-8000-5130-010000010000_41433"(
            selectedValue: local!selectedValue
          )
        }
      ),
      #"_a-0000dd0c-ffa4-8000-5130-010000010000_41435"(
        selectedValue: local!selectedValue
      )
    }
  )
)</definition>
        <preferredEditor>interface</preferredEditor>
        <offlineEnabled>false</offlineEnabled>
    </rule>
    <roleMap public="true">
        <role inherit="true" allowForAll="false" name="readers">
            <users/>
            <groups/>
        </role>
        <role inherit="true" allowForAll="false" name="authors">
            <users/>
            <groups/>
        </role>
        <role inherit="true" allowForAll="false" name="administrators">
            <users/>
            <groups/>
        </role>
        <role inherit="false" allowForAll="false" name="denyReaders">
            <users/>
            <groups/>
        </role>
        <role inherit="false" allowForAll="false" name="denyAuthors">
            <users/>
            <groups/>
        </role>
        <role inherit="false" allowForAll="false" name="denyAdministrators">
            <users/>
            <groups/>
        </role>
    </roleMap>
    <history>
        <historyInfo versionUuid="_a-0000e0e6-ca6a-8000-6ee0-010000010000_70060"/>
    </history>
</contentHaul>
