<?xml version="1.0" encoding="UTF-8" standalone="yes"?>
<contentHaul xmlns:a="http://www.appian.com/ae/types/2009">
    <versionUuid>_a-0000e0e6-ca6a-8000-6ee0-010000010000_70150</versionUuid>
    <rule>
        <name>EAS_getArrayElement</name>
        <uuid>_a-0000dcb9-f827-8000-a73e-010000010000_3838</uuid>
        <description></description>
        <parentUuid>_a-0000dd0c-ffa4-8000-5130-010000010000_42721</parentUuid>
        <visibility>
            <advertise>false</advertise>
            <hierarchy>true</hierarchy>
            <indexable>true</indexable>
            <quota>false</quota>
            <searchable>true</searchable>
            <system>false</system>
            <unlogged>false</unlogged>
        </visibility>
        <definition>/*if(&#xD;
	rule!APN_isEmpty(index(ri!cdtName,ri!attributeName,null)),&#xD;
	null,&#xD;
	joinarray(index(ri!cdtName,ri!attributeName,null),"; ")&#xD;
)&#xD;
tostring(ri!cdtName[ri!attributeName])*/&#xD;
&#xD;
ri!cdtName.optionName&#xD;
/*index(ri!cdtName,"optionName",null)*/&#xD;
/*apply(*/&#xD;
/*  fn!extract,*/&#xD;
/*  extract(*/&#xD;
/*    ri!cdtName,*/&#xD;
/*    "[",*/&#xD;
/*    "]"*/&#xD;
/*  ),*/&#xD;
/*  ri!attributeName&amp;"=",*/&#xD;
/*  ","*/&#xD;
/*)*/</definition>
        <namedTypedValue>
            <name>attributeName</name>
            <type>
                <name>string</name>
                <namespace>http://www.w3.org/2001/XMLSchema</namespace>
            </type>
            <value/>
        </namedTypedValue>
        <namedTypedValue>
            <name>cdtName</name>
            <type>
                <name>Variant</name>
                <namespace>http://www.appian.com/ae/types/2009</namespace>
            </type>
        </namedTypedValue>
        <preferredEditor>legacy</preferredEditor>
        <offlineEnabled>false</offlineEnabled>
    </rule>
    <roleMap public="true">
        <role inherit="true" allowForAll="false" name="readers">
            <users/>
            <groups/>
        </role>
        <role inherit="true" allowForAll="false" name="authors">
            <users/>
            <groups/>
        </role>
        <role inherit="true" allowForAll="false" name="administrators">
            <users>
                <userUuid>Administrator</userUuid>
            </users>
            <groups/>
        </role>
        <role inherit="false" allowForAll="false" name="denyReaders">
            <users/>
            <groups/>
        </role>
        <role inherit="false" allowForAll="false" name="denyAuthors">
            <users/>
            <groups/>
        </role>
        <role inherit="false" allowForAll="false" name="denyAdministrators">
            <users/>
            <groups/>
        </role>
    </roleMap>
    <history>
        <historyInfo versionUuid="_a-0000e0e6-ca6a-8000-6ee0-010000010000_70150"/>
    </history>
</contentHaul>
