<?xml version="1.0" encoding="UTF-8" standalone="yes"?>
<contentHaul xmlns:a="http://www.appian.com/ae/types/2009">
    <versionUuid>_a-0000e0e6-ca6a-8000-6ee0-010000010000_70000</versionUuid>
    <queryRule>
        <name>EPAS_getUserDetailsByRole</name>
        <uuid>_a-0000dcff-77ee-8000-5130-010000010000_40107</uuid>
        <description>Query Rule to get User Details by Role</description>
        <folderUuid>_a-0000dd0c-ffa4-8000-5130-010000010000_42710</folderUuid>
        <dataStoreEntityCompositeUuid>1165acae-8081-4490-940e-db6dc937eb86@_a-0000dcb6-5d2b-8000-5130-010000010000_32104</dataStoreEntityCompositeUuid>
        <params>
            <param>
                <description></description>
                <name>role</name>
                <type>{http://www.appian.com/ae/types/2009}Text?list</type>
            </param>
        </params>
        <filters>
            <filter>
                <field>
                    <name>role</name>
                    <type>{http://www.w3.org/2001/XMLSchema}string</type>
                </field>
                <op>in</op>
                <value>role</value>
                <valueType>PARAMETER</valueType>
            </filter>
        </filters>
        <orderings/>
    </queryRule>
    <roleMap public="false">
        <role inherit="true" allowForAll="false" name="readers">
            <users/>
            <groups/>
        </role>
        <role inherit="true" allowForAll="false" name="authors">
            <users/>
            <groups/>
        </role>
        <role inherit="true" allowForAll="false" name="administrators">
            <users/>
            <groups/>
        </role>
        <role inherit="false" allowForAll="false" name="denyReaders">
            <users/>
            <groups/>
        </role>
        <role inherit="false" allowForAll="false" name="denyAuthors">
            <users/>
            <groups/>
        </role>
        <role inherit="false" allowForAll="false" name="denyAdministrators">
            <users/>
            <groups/>
        </role>
    </roleMap>
    <history>
        <historyInfo versionUuid="_a-0000e0e6-ca6a-8000-6ee0-010000010000_70000"/>
    </history>
</contentHaul>
