<?xml version="1.0" encoding="UTF-8" standalone="yes"?>
<contentHaul xmlns:a="http://www.appian.com/ae/types/2009">
    <versionUuid>_a-0000e0e6-ca6a-8000-6ee0-010000010000_70052</versionUuid>
    <rule>
        <name>EPAS_userTaskList</name>
        <uuid>_a-0000dcb6-5d2b-8000-5130-010000010000_32346</uuid>
        <description>User Tasks List</description>
        <parentUuid>_a-0000dd0c-ffa4-8000-5130-010000010000_42719</parentUuid>
        <visibility>
            <advertise>false</advertise>
            <hierarchy>true</hierarchy>
            <indexable>true</indexable>
            <quota>false</quota>
            <searchable>true</searchable>
            <system>false</system>
            <unlogged>false</unlogged>
        </visibility>
        <definition>load(&#xD;
  local!pagingInfo: #"SYSTEM_SYSRULES_pagingInfo"(startIndex: 1, batchSize: 5),&#xD;
  local!statusFilter: 0,&#xD;
  with(&#xD;
    local!report: a!queryProcessAnalytics(&#xD;
      report: #"_a-0000dd0c-08f6-8000-5130-010000010000_41192", /*cons!EPS_USERTASK_REPORT*/&#xD;
      query: #"SYSTEM_SYSRULES_query"(&#xD;
        filter: #"SYSTEM_SYSRULES_queryFilter"(field: "c5", operator: "=", value: local!statusFilter),&#xD;
        pagingInfo: local!pagingInfo&#xD;
      )&#xD;
    ),&#xD;
    {&#xD;
      #"SYSTEM_SYSRULES_dropdownField"(&#xD;
        label: "Status",&#xD;
        choiceLabels: { "Assigned", "Accepted", "Completed", "Not Started"},&#xD;
        choiceValues: enumerate(4),&#xD;
        value: local!statusFilter,&#xD;
        saveInto: {&#xD;
          local!statusFilter,&#xD;
          a!save(local!pagingInfo.startIndex, 1)&#xD;
        }&#xD;
      ),&#xD;
      #"SYSTEM_SYSRULES_gridField"(&#xD;
        label: local!report.name,&#xD;
        instructions: local!report.description,&#xD;
        totalCount: local!report.totalCount,&#xD;
        columns: { &#xD;
          apply(&#xD;
            #"_a-0000dd0c-08f6-8000-5130-010000010000_41194"(columnConfig: _, data: local!report.data),&#xD;
            local!report.columnConfigs   &#xD;
          )&#xD;
        },    &#xD;
        value: local!pagingInfo, &#xD;
        saveInto: local!pagingInfo &#xD;
      )&#xD;
    }&#xD;
  )&#xD;
)</definition>
        <preferredEditor>interface</preferredEditor>
        <offlineEnabled>false</offlineEnabled>
    </rule>
    <roleMap public="true">
        <role inherit="false" allowForAll="true" name="readers">
            <users/>
            <groups/>
        </role>
        <role inherit="false" allowForAll="false" name="authors">
            <users/>
            <groups/>
        </role>
        <role inherit="false" allowForAll="false" name="administrators">
            <users/>
            <groups>
                <groupUuid>_e-0001dcd6-cfce-8000-512d-010000010000_177</groupUuid>
            </groups>
        </role>
        <role inherit="false" allowForAll="false" name="denyReaders">
            <users/>
            <groups/>
        </role>
        <role inherit="false" allowForAll="false" name="denyAuthors">
            <users/>
            <groups/>
        </role>
        <role inherit="false" allowForAll="false" name="denyAdministrators">
            <users/>
            <groups/>
        </role>
    </roleMap>
    <history>
        <historyInfo versionUuid="_a-0000e0e6-ca6a-8000-6ee0-010000010000_70052"/>
    </history>
</contentHaul>
