<?xml version="1.0" encoding="UTF-8" standalone="yes"?>
<contentHaul xmlns:a="http://www.appian.com/ae/types/2009">
    <versionUuid>_a-0000e0e6-ca6a-8000-6ee0-010000010000_70161</versionUuid>
    <rule>
        <name>EPAS_taskStatus</name>
        <uuid>_a-0000dd0c-ffa4-8000-5130-010000010000_42780</uuid>
        <description>Task status</description>
        <parentUuid>_a-0000dcd7-2308-8000-5130-010000010000_35332</parentUuid>
        <visibility>
            <advertise>false</advertise>
            <hierarchy>true</hierarchy>
            <indexable>true</indexable>
            <quota>false</quota>
            <searchable>true</searchable>
            <system>false</system>
            <unlogged>false</unlogged>
        </visibility>
        <definition>index(
  {
    "Assigned",
    "Accepted",
    "Completed",
    "Not Started",
    "Cancelled",
    "Paused",
    "Unattended",
    "Aborted",
    "Cancelled By Exception",
    "Submitted",
    "Running",
    "Error"
  },
  /* Task status ids start with 0, so add one to reach the first index */
  tointeger(ri!status) + 1,
  "Other"
)</definition>
        <namedTypedValue>
            <name>status</name>
            <type>
                <name>string</name>
                <namespace>http://www.w3.org/2001/XMLSchema</namespace>
            </type>
            <value/>
        </namedTypedValue>
        <preferredEditor>legacy</preferredEditor>
        <offlineEnabled>false</offlineEnabled>
    </rule>
    <roleMap public="true">
        <role inherit="true" allowForAll="false" name="readers">
            <users/>
            <groups/>
        </role>
        <role inherit="true" allowForAll="false" name="authors">
            <users/>
            <groups/>
        </role>
        <role inherit="true" allowForAll="false" name="administrators">
            <users/>
            <groups/>
        </role>
        <role inherit="false" allowForAll="false" name="denyReaders">
            <users/>
            <groups/>
        </role>
        <role inherit="false" allowForAll="false" name="denyAuthors">
            <users/>
            <groups/>
        </role>
        <role inherit="false" allowForAll="false" name="denyAdministrators">
            <users/>
            <groups/>
        </role>
    </roleMap>
    <history>
        <historyInfo versionUuid="_a-0000e0e6-ca6a-8000-6ee0-010000010000_70161"/>
    </history>
</contentHaul>
