<?xml version="1.0" encoding="UTF-8" standalone="yes"?>
<contentHaul xmlns:a="http://www.appian.com/ae/types/2009">
    <versionUuid>_a-0000e0e6-ca6a-8000-6ee0-010000010000_70123</versionUuid>
    <report>
        <name>Opt Performance by User</name>
        <uuid>_a-0000d229-1b2b-8000-7be3-680000680000_2445</uuid>
        <description>A list of accepted and completed tasks for a process model, grouped by user. For each user shows bars for Average Completion Work Hours (convert this to workdays if the scale is more appropriate). Drill down to Opt Detailed Task List</description>
        <parentUuid>_a-0000d229-1b2b-8000-7be3-680000680000_2442</parentUuid>
        <visibility>
            <advertise>false</advertise>
            <hierarchy>true</hierarchy>
            <indexable>true</indexable>
            <quota>false</quota>
            <searchable>true</searchable>
            <system>false</system>
            <unlogged>false</unlogged>
        </visibility>
        <reportData>
            <metadata>
                <baseFilters>
                    <completedFilter>
                        <apply>false</apply>
                    </completedFilter>
                    <outsideNStandardDeviationsFilter>
                        <apply>false</apply>
                        <standardDeviationCount>0.0</standardDeviationCount>
                    </outsideNStandardDeviationsFilter>
                    <lastNCompletedFilter>
                        <apply>false</apply>
                        <completedCount>0</completedCount>
                    </lastNCompletedFilter>
                    <aheadOfScheduleFilter>
                        <apply>false</apply>
                    </aheadOfScheduleFilter>
                    <runningFilter>
                        <apply>false</apply>
                    </runningFilter>
                    <behindScheduleFilter>
                        <apply>false</apply>
                    </behindScheduleFilter>
                    <lastNDaysFilter>
                        <apply>false</apply>
                        <dayCount>0.0</dayCount>
                    </lastNDaysFilter>
                    <dueTodayFilter>
                        <apply>false</apply>
                    </dueTodayFilter>
                    <simpleColumnFilter>
                        <apply>true</apply>
                        <columnLocalId>9</columnLocalId>
                        <comparison>4</comparison>
                        <typedValue>
                            <type>
<name>int</name>
<namespace>http://www.w3.org/2001/XMLSchema</namespace>
                            </type>
                            <value>2</value>
                        </typedValue>
                        <reportPortletFilter>false</reportPortletFilter>
                    </simpleColumnFilter>
                </baseFilters>
                <batchSize>15</batchSize>
                <columns>
                    <column>
                        <drillPath>
                            <enabled>false</enabled>
                            <expression>=tp!id</expression>
                            <linkType>2</linkType>
                        </drillPath>
                        <expression>=#"_a-0000d73e-93de-8000-3ca7-0a000064044c_40630"(tp!owner)</expression>
                        <formatToken>string</formatToken>
                        <group>true</group>
                        <lastFormatToken>string</lastFormatToken>
                        <localId>0</localId>
                        <name>User</name>
                        <show>true</show>
                    </column>
                    <column>
                        <columnAggregationFunction>24</columnAggregationFunction>
                        <drillPath>
                            <otherReportUuid>_a-0000d229-1b2b-8000-7be3-680000680000_2450</otherReportUuid>
                            <enabled>true</enabled>
                            <expression>=tp!owner</expression>
                            <linkType>3</linkType>
                            <otherReportColumnLocalId>9</otherReportColumnLocalId>
                        </drillPath>
                        <expression>=1</expression>
                        <formatToken>number</formatToken>
                        <group>false</group>
                        <lastAggregateToken>number</lastAggregateToken>
                        <lastFormatToken>number</lastFormatToken>
                        <localId>10</localId>
                        <name>Total Tasks Completed</name>
                        <show>true</show>
                    </column>
                    <column>
                        <columnAggregationFunction>23</columnAggregationFunction>
                        <drillPath>
                            <enabled>false</enabled>
                        </drillPath>
                        <expression>=Work()*24*60</expression>
                        <formatToken>number</formatToken>
                        <group>false</group>
                        <lastAggregateToken>number</lastAggregateToken>
                        <lastFormatToken>durations</lastFormatToken>
                        <localId>5</localId>
                        <name>Average Processing Time</name>
                        <show>true</show>
                    </column>
                    <column>
                        <columnAggregationFunction>24</columnAggregationFunction>
                        <drillPath>
                            <enabled>false</enabled>
                        </drillPath>
                        <expression>=tp!name</expression>
                        <formatToken>number</formatToken>
                        <group>false</group>
                        <lastAggregateToken>number</lastAggregateToken>
                        <lastFormatToken>string</lastFormatToken>
                        <localId>8</localId>
                        <name>Work Item</name>
                        <show>false</show>
                    </column>
                    <column>
                        <columnAggregationFunction>24</columnAggregationFunction>
                        <drillPath>
                            <enabled>false</enabled>
                        </drillPath>
                        <expression>=task_status()</expression>
                        <formatToken>number</formatToken>
                        <group>false</group>
                        <lastAggregateToken>number</lastAggregateToken>
                        <lastFormatToken>taskstatus</lastFormatToken>
                        <localId>9</localId>
                        <name>Status</name>
                        <show>false</show>
                    </column>
                </columns>
                <contexts/>
                <contextType>1</contextType>
                <quickFilters>
                    <quickFilter>
                        <defaultItem>0</defaultItem>
                        <quickFilterItems>
                            <quickFilterItem>
<filters>
    <outsideNStandardDeviationsFilter>
        <apply>false</apply>
        <standardDeviationCount>0.0</standardDeviationCount>
    </outsideNStandardDeviationsFilter>
    <lastNCompletedFilter>
        <apply>false</apply>
        <completedCount>0</completedCount>
    </lastNCompletedFilter>
    <aheadOfScheduleFilter>
        <apply>false</apply>
    </aheadOfScheduleFilter>
    <behindScheduleFilter>
        <apply>false</apply>
    </behindScheduleFilter>
    <lastNDaysFilter>
        <apply>false</apply>
        <dayCount>0.0</dayCount>
    </lastNDaysFilter>
    <dueTodayFilter>
        <apply>false</apply>
    </dueTodayFilter>
</filters>
<name>Any Time</name>
                            </quickFilterItem>
                            <quickFilterItem>
<filters>
    <outsideNStandardDeviationsFilter>
        <apply>false</apply>
        <standardDeviationCount>0.0</standardDeviationCount>
    </outsideNStandardDeviationsFilter>
    <lastNCompletedFilter>
        <apply>false</apply>
        <completedCount>0</completedCount>
    </lastNCompletedFilter>
    <aheadOfScheduleFilter>
        <apply>false</apply>
    </aheadOfScheduleFilter>
    <behindScheduleFilter>
        <apply>false</apply>
    </behindScheduleFilter>
    <lastNDaysFilter>
        <apply>true</apply>
        <dayCount>1.0</dayCount>
    </lastNDaysFilter>
    <dueTodayFilter>
        <apply>false</apply>
    </dueTodayFilter>
</filters>
<name>Last 24 Hours</name>
                            </quickFilterItem>
                            <quickFilterItem>
<filters>
    <outsideNStandardDeviationsFilter>
        <apply>false</apply>
        <standardDeviationCount>0.0</standardDeviationCount>
    </outsideNStandardDeviationsFilter>
    <lastNCompletedFilter>
        <apply>false</apply>
        <completedCount>0</completedCount>
    </lastNCompletedFilter>
    <aheadOfScheduleFilter>
        <apply>false</apply>
    </aheadOfScheduleFilter>
    <behindScheduleFilter>
        <apply>false</apply>
    </behindScheduleFilter>
    <lastNDaysFilter>
        <apply>true</apply>
        <dayCount>7.0</dayCount>
    </lastNDaysFilter>
    <dueTodayFilter>
        <apply>false</apply>
    </dueTodayFilter>
</filters>
<name>Last 7 days</name>
                            </quickFilterItem>
                            <quickFilterItem>
<filters>
    <outsideNStandardDeviationsFilter>
        <apply>false</apply>
        <standardDeviationCount>0.0</standardDeviationCount>
    </outsideNStandardDeviationsFilter>
    <lastNCompletedFilter>
        <apply>false</apply>
        <completedCount>0</completedCount>
    </lastNCompletedFilter>
    <aheadOfScheduleFilter>
        <apply>false</apply>
    </aheadOfScheduleFilter>
    <behindScheduleFilter>
        <apply>false</apply>
    </behindScheduleFilter>
    <lastNDaysFilter>
        <apply>true</apply>
        <dayCount>30.0</dayCount>
    </lastNDaysFilter>
    <dueTodayFilter>
        <apply>false</apply>
    </dueTodayFilter>
</filters>
<name>Last 30 days</name>
                            </quickFilterItem>
                            <quickFilterItem>
<filters>
    <outsideNStandardDeviationsFilter>
        <apply>false</apply>
        <standardDeviationCount>0.0</standardDeviationCount>
    </outsideNStandardDeviationsFilter>
    <lastNCompletedFilter>
        <apply>false</apply>
        <completedCount>0</completedCount>
    </lastNCompletedFilter>
    <aheadOfScheduleFilter>
        <apply>false</apply>
    </aheadOfScheduleFilter>
    <behindScheduleFilter>
        <apply>false</apply>
    </behindScheduleFilter>
    <lastNDaysFilter>
        <apply>true</apply>
        <dayCount>365.25</dayCount>
    </lastNDaysFilter>
    <dueTodayFilter>
        <apply>false</apply>
    </dueTodayFilter>
</filters>
<name>Last 365 days</name>
                            </quickFilterItem>
                        </quickFilterItems>
                        <name>Started</name>
                        <selectedItem>0</selectedItem>
                    </quickFilter>
                    <quickFilter>
                        <defaultItem>0</defaultItem>
                        <quickFilterItems>
                            <quickFilterItem>
<filters>
    <outsideNStandardDeviationsFilter>
        <apply>false</apply>
        <standardDeviationCount>0.0</standardDeviationCount>
    </outsideNStandardDeviationsFilter>
    <lastNCompletedFilter>
        <apply>false</apply>
        <completedCount>0</completedCount>
    </lastNCompletedFilter>
    <aheadOfScheduleFilter>
        <apply>false</apply>
    </aheadOfScheduleFilter>
    <behindScheduleFilter>
        <apply>false</apply>
    </behindScheduleFilter>
    <lastNDaysFilter>
        <apply>false</apply>
        <dayCount>0.0</dayCount>
    </lastNDaysFilter>
    <dueTodayFilter>
        <apply>false</apply>
    </dueTodayFilter>
</filters>
<name>All</name>
                            </quickFilterItem>
                            <quickFilterItem>
<filters>
    <outsideNStandardDeviationsFilter>
        <apply>false</apply>
        <standardDeviationCount>0.0</standardDeviationCount>
    </outsideNStandardDeviationsFilter>
    <lastNCompletedFilter>
        <apply>false</apply>
        <completedCount>0</completedCount>
    </lastNCompletedFilter>
    <aheadOfScheduleFilter>
        <apply>false</apply>
    </aheadOfScheduleFilter>
    <behindScheduleFilter>
        <apply>false</apply>
    </behindScheduleFilter>
    <lastNDaysFilter>
        <apply>false</apply>
        <dayCount>0.0</dayCount>
    </lastNDaysFilter>
    <dueTodayFilter>
        <apply>false</apply>
    </dueTodayFilter>
    <simpleColumnFilter>
        <apply>true</apply>
        <columnLocalId>5</columnLocalId>
        <comparison>4</comparison>
        <typedValue>
            <type>
                <name>int</name>
                <namespace>http://www.w3.org/2001/XMLSchema</namespace>
            </type>
            <value>0</value>
        </typedValue>
        <reportPortletFilter>false</reportPortletFilter>
    </simpleColumnFilter>
</filters>
<name>Assigned</name>
                            </quickFilterItem>
                            <quickFilterItem>
<filters>
    <outsideNStandardDeviationsFilter>
        <apply>false</apply>
        <standardDeviationCount>0.0</standardDeviationCount>
    </outsideNStandardDeviationsFilter>
    <lastNCompletedFilter>
        <apply>false</apply>
        <completedCount>0</completedCount>
    </lastNCompletedFilter>
    <aheadOfScheduleFilter>
        <apply>false</apply>
    </aheadOfScheduleFilter>
    <behindScheduleFilter>
        <apply>false</apply>
    </behindScheduleFilter>
    <lastNDaysFilter>
        <apply>false</apply>
        <dayCount>0.0</dayCount>
    </lastNDaysFilter>
    <dueTodayFilter>
        <apply>false</apply>
    </dueTodayFilter>
    <simpleColumnFilter>
        <apply>true</apply>
        <columnLocalId>5</columnLocalId>
        <comparison>4</comparison>
        <typedValue>
            <type>
                <name>int</name>
                <namespace>http://www.w3.org/2001/XMLSchema</namespace>
            </type>
            <value>1</value>
        </typedValue>
        <reportPortletFilter>false</reportPortletFilter>
    </simpleColumnFilter>
</filters>
<name>Accepted</name>
                            </quickFilterItem>
                        </quickFilterItems>
                        <name>Status</name>
                        <selectedItem>0</selectedItem>
                    </quickFilter>
                </quickFilters>
                <recursive>false</recursive>
                <sortColumnLocalId>10</sortColumnLocalId>
                <sortOrder>1</sortOrder>
                <startIndex>0</startIndex>
                <type>2</type>
            </metadata>
            <display>
                <description>A list of accepted and completed tasks for a process model, grouped by user. For each user shows bars for Average Completion Work Hours (convert this to workdays if the scale is more appropriate). Drill down to Opt Detailed Task List</description>
                <displayThresholds>false</displayThresholds>
                <displayType>0</displayType>
                <name>Opt Performance by User</name>
                <quickFilterDisplay>1</quickFilterDisplay>
                <showLegend>true</showLegend>
                <showQuickFiltersInToolbar>true</showQuickFiltersInToolbar>
                <supportedTypes>
                    <supportedType>0</supportedType>
                    <supportedType>1</supportedType>
                    <supportedType>2</supportedType>
                    <supportedType>3</supportedType>
                </supportedTypes>
                <thresholdColumnLocalId>6</thresholdColumnLocalId>
                <thresholdColumnName>Performance</thresholdColumnName>
                <thresholds>
                    <threshold>
                        <iconUuid>SYSTEM_DOC_PERFORMANCE_INDICATOR_GREEN</iconUuid>
                        <defaultIconName>indicatorgreen</defaultIconName>
                        <label>Quickly Addressed</label>
                        <upperBound>20.0</upperBound>
                    </threshold>
                    <threshold>
                        <iconUuid>SYSTEM_DOC_PERFORMANCE_INDICATOR_YELLOW</iconUuid>
                        <defaultIconName>indicatoryellow</defaultIconName>
                        <label>Addressed In Time</label>
                        <upperBound>50.0</upperBound>
                    </threshold>
                    <threshold>
                        <iconUuid>SYSTEM_DOC_PERFORMANCE_INDICATOR_RED</iconUuid>
                        <defaultIconName>indicatorred</defaultIconName>
                        <label>Addressed Late</label>
                    </threshold>
                </thresholds>
                <useCustomToolbar>false</useCustomToolbar>
                <useDefaultBarGraphXML>true</useDefaultBarGraphXML>
                <useDefaultLineGraphXML>true</useDefaultLineGraphXML>
                <useDefaultPieGraphXML>true</useDefaultPieGraphXML>
            </display>
            <modified>false</modified>
            <showDisplayOptions>false</showDisplayOptions>
            <showTitle>false</showTitle>
            <showToolbar>false</showToolbar>
            <view>0</view>
            <writeAccess>false</writeAccess>
        </reportData>
    </report>
    <roleMap public="true">
        <role inherit="true" allowForAll="false" name="readers">
            <users/>
            <groups/>
        </role>
        <role inherit="true" allowForAll="false" name="authors">
            <users/>
            <groups/>
        </role>
        <role inherit="true" allowForAll="false" name="administrators">
            <users>
                <userUuid>Administrator</userUuid>
            </users>
            <groups/>
        </role>
        <role inherit="false" allowForAll="false" name="denyReaders">
            <users/>
            <groups/>
        </role>
        <role inherit="false" allowForAll="false" name="denyAuthors">
            <users/>
            <groups/>
        </role>
        <role inherit="false" allowForAll="false" name="denyAdministrators">
            <users/>
            <groups/>
        </role>
    </roleMap>
    <history>
        <historyInfo versionUuid="_a-0000e0e6-ca6a-8000-6ee0-010000010000_70123"/>
    </history>
</contentHaul>
