<?xml version="1.0" encoding="UTF-8" standalone="yes"?>
<contentHaul xmlns:a="http://www.appian.com/ae/types/2009">
    <versionUuid>_a-0000e0e6-ca6a-8000-6ee0-010000010000_69958</versionUuid>
    <rule>
        <name>EPAS_tasksPerUserChart</name>
        <uuid>_a-0000dcd7-2308-8000-5130-010000010000_35377</uuid>
        <description>Chart of Tasks Per User. Drillable to a grid of tasks. </description>
        <parentUuid>_a-0000dd0c-ffa4-8000-5130-010000010000_42719</parentUuid>
        <visibility>
            <advertise>false</advertise>
            <hierarchy>true</hierarchy>
            <indexable>true</indexable>
            <quota>false</quota>
            <searchable>true</searchable>
            <system>false</system>
            <unlogged>false</unlogged>
        </visibility>
        <definition>load(&#xD;
pinfo:topaginginfo(1,10),&#xD;
local!detailView:"None",&#xD;
if(local!detailView&lt;&gt;"None",&#xD;
  &#xD;
 {&#xD;
  #"_a-0000d89c-0dc5-8000-3ca7-0a000064044c_60138"(mids:ri!mids,username:local!detailView,batchSize:5,label:"All Tasks: "&amp;local!detailView),&#xD;
        #"SYSTEM_SYSRULES_richTextDisplayField"(&#xD;
          label: " ",&#xD;
          value: #"SYSTEM_SYSRULES_richTextItem"(&#xD;
            text:" Back to Task Report",&#xD;
            style: "STRONG",&#xD;
            link: #"SYSTEM_SYSRULES_dynamicLink"(value:"None", saveInto: local!detailView)&#xD;
          )&#xD;
        )&#xD;
        }&#xD;
  ,&#xD;
  &#xD;
  with(myData:getportalreportdatasubset( reportId:#"_a-0000d735-2870-8000-9ba2-011c48011c48_4083", pagingInfo:pinfo,contextIds:ri!mids),&#xD;
  d1:myData.data[1].cells.value,&#xD;
  d2:myData.data[2].cells.value,&#xD;
  d3:apply(#"_a-0000d690-12fb-8000-0f1a-010000010000_1352"(_),touser(d1)),&#xD;
&#xD;
  #"SYSTEM_SYSRULES_columnChartField"(&#xD;
	label: "Tasks Per User",&#xD;
	labelPosition: "ABOVE",&#xD;
  categories:"Users",&#xD;
	series: if(myData.totalCount=0,{},&#xD;
    apply(#"SYSTEM_SYSRULES_chartSeries"(label:_, data:_,links:_),&#xD;
      merge(d3,d2,apply(#"SYSTEM_SYSRULES_dynamicLink"(&#xD;
        label: "Detailed Task View",&#xD;
          value: _,&#xD;
          saveInto: local!detailView&#xD;
        ),d1)))&#xD;
    ),&#xD;
	yAxisTitle: "Number of Tasks",&#xD;
	stacking: "NONE",&#xD;
	showLegend: false,&#xD;
	showTooltips: true&#xD;
  )&#xD;
))&#xD;
)</definition>
        <namedTypedValue>
            <name>mids</name>
            <type>
                <name>Integer?list</name>
                <namespace>http://www.appian.com/ae/types/2009</namespace>
            </type>
        </namedTypedValue>
        <namedTypedValue>
            <name>batchsize</name>
            <type>
                <name>int</name>
                <namespace>http://www.w3.org/2001/XMLSchema</namespace>
            </type>
        </namedTypedValue>
        <preferredEditor>interface</preferredEditor>
        <offlineEnabled>false</offlineEnabled>
    </rule>
    <roleMap public="true">
        <role inherit="true" allowForAll="false" name="readers">
            <users/>
            <groups/>
        </role>
        <role inherit="true" allowForAll="false" name="authors">
            <users/>
            <groups/>
        </role>
        <role inherit="true" allowForAll="false" name="administrators">
            <users/>
            <groups/>
        </role>
        <role inherit="false" allowForAll="false" name="denyReaders">
            <users/>
            <groups/>
        </role>
        <role inherit="false" allowForAll="false" name="denyAuthors">
            <users/>
            <groups/>
        </role>
        <role inherit="false" allowForAll="false" name="denyAdministrators">
            <users/>
            <groups/>
        </role>
    </roleMap>
    <history>
        <historyInfo versionUuid="_a-0000e0e6-ca6a-8000-6ee0-010000010000_69958"/>
    </history>
</contentHaul>
