<?xml version="1.0" encoding="UTF-8" standalone="yes"?>
<contentHaul xmlns:a="http://www.appian.com/ae/types/2009">
    <versionUuid>_a-0000e0e6-ca6a-8000-6ee0-010000010000_70019</versionUuid>
    <rule>
        <name>EPAS_displayAuditTrailInfo</name>
        <uuid>_a-0000dcff-77ee-8000-5130-010000010000_40537</uuid>
        <description>Expression to display Audit Trail Info</description>
        <parentUuid>_a-0000dd0c-ffa4-8000-5130-010000010000_42721</parentUuid>
        <visibility>
            <advertise>false</advertise>
            <hierarchy>true</hierarchy>
            <indexable>true</indexable>
            <quota>false</quota>
            <searchable>true</searchable>
            <system>false</system>
            <unlogged>false</unlogged>
        </visibility>
        <definition>= load(
  local!pagingInfo: #"SYSTEM_SYSRULES_pagingInfo"(
    startIndex: 1,
    batchSize: 4,
    sort: #"SYSTEM_SYSRULES_sortInfo"(
      field: "createdTime",
      ascending: false
    )
  ),
  local!auditTrail: todatasubset(
    ri!auditTrail,
    local!pagingInfo
  )
  with(
    if(
      local!auditTrail.totalCount &gt; 0,
      {
        #"SYSTEM_SYSRULES_gridField"(
          label: "Audit Trail",
          totalCount: count(
            ri!auditTrail
          ),
          columns: {
            #"SYSTEM_SYSRULES_gridTextColumn"(
              label: "Event",
              field: "description",
              data: local!auditTrail.data.description
            ),
            #"SYSTEM_SYSRULES_gridTextColumn"(
              label: "Event By",
              field: "createdBy",
              data: repeat(
                count(
                  local!auditTrail.data.description
                ),
                "End Point Adjudication System"
              )
            ),
            #"SYSTEM_SYSRULES_gridTextColumn"(
              label: "Event Date",
              field: "createdTime",
              data: apply(
                #"_a-0000dd0c-ffa4-8000-5130-010000010000_42770",
                local!auditTrail.data.createdTime
              )
              
            )
          },
          value: local!pagingInfo,
          saveInto: local!pagingInfo
        )
      },
      {}
    )
  )
)</definition>
        <namedTypedValue>
            <name>auditTrail</name>
            <type>
                <name>Variant</name>
                <namespace>http://www.appian.com/ae/types/2009</namespace>
            </type>
        </namedTypedValue>
        <preferredEditor>legacy</preferredEditor>
        <offlineEnabled>false</offlineEnabled>
    </rule>
    <roleMap public="true">
        <role inherit="true" allowForAll="false" name="readers">
            <users/>
            <groups/>
        </role>
        <role inherit="true" allowForAll="false" name="authors">
            <users/>
            <groups/>
        </role>
        <role inherit="true" allowForAll="false" name="administrators">
            <users/>
            <groups/>
        </role>
        <role inherit="false" allowForAll="false" name="denyReaders">
            <users/>
            <groups/>
        </role>
        <role inherit="false" allowForAll="false" name="denyAuthors">
            <users/>
            <groups/>
        </role>
        <role inherit="false" allowForAll="false" name="denyAdministrators">
            <users/>
            <groups/>
        </role>
    </roleMap>
    <history>
        <historyInfo versionUuid="_a-0000e0e6-ca6a-8000-6ee0-010000010000_70019"/>
    </history>
</contentHaul>
