<?xml version="1.0" encoding="UTF-8" standalone="yes"?>
<contentHaul xmlns:a="http://www.appian.com/ae/types/2009">
    <versionUuid>_a-0000e0e6-ca6a-8000-6ee0-010000010000_70070</versionUuid>
    <report>
        <name>EPAS_AdjudicationMonthlyBased</name>
        <uuid>_a-0000dd0c-ffa4-8000-5130-010000010000_41469</uuid>
        <description></description>
        <parentUuid>_a-0000dd0c-08f6-8000-5130-010000010000_41164</parentUuid>
        <visibility>
            <advertise>false</advertise>
            <hierarchy>true</hierarchy>
            <indexable>true</indexable>
            <quota>false</quota>
            <searchable>false</searchable>
            <system>false</system>
            <unlogged>false</unlogged>
        </visibility>
        <reportData>
            <metadata>
                <baseFilters>
                    <completedFilter>
                        <apply>false</apply>
                    </completedFilter>
                    <outsideNStandardDeviationsFilter>
                        <apply>false</apply>
                        <standardDeviationCount>0.0</standardDeviationCount>
                    </outsideNStandardDeviationsFilter>
                    <lastNCompletedFilter>
                        <apply>false</apply>
                        <completedCount>0</completedCount>
                    </lastNCompletedFilter>
                    <aheadOfScheduleFilter>
                        <apply>false</apply>
                    </aheadOfScheduleFilter>
                    <runningFilter>
                        <apply>false</apply>
                    </runningFilter>
                    <behindScheduleFilter>
                        <apply>false</apply>
                    </behindScheduleFilter>
                    <lastNDaysFilter>
                        <apply>false</apply>
                        <dayCount>0.0</dayCount>
                    </lastNDaysFilter>
                    <dueTodayFilter>
                        <apply>false</apply>
                    </dueTodayFilter>
                    <simpleColumnFilter>
                        <apply>true</apply>
                        <columnLocalId>1</columnLocalId>
                        <comparison>5</comparison>
                        <typedValue>
                            <type>
<name>int</name>
<namespace>http://www.w3.org/2001/XMLSchema</namespace>
                            </type>
                            <value>4</value>
                        </typedValue>
                        <reportPortletFilter>false</reportPortletFilter>
                    </simpleColumnFilter>
                </baseFilters>
                <batchSize>25</batchSize>
                <columns>
                    <column>
                        <drillPath>
                            <enabled>false</enabled>
                        </drillPath>
                        <expression>=#"_a-0000dd0c-ffa4-8000-5130-010000010000_41463"(month(pp!starttime))</expression>
                        <formatToken>string</formatToken>
                        <group>true</group>
                        <lastFormatToken>string</lastFormatToken>
                        <localId>0</localId>
                        <name>Month</name>
                        <show>true</show>
                    </column>
                    <column>
                        <columnAggregationFunction>24</columnAggregationFunction>
                        <drillPath>
                            <enabled>false</enabled>
                        </drillPath>
                        <expression>=process_status()</expression>
                        <formatToken>number</formatToken>
                        <group>false</group>
                        <lastAggregateToken>number</lastAggregateToken>
                        <lastFormatToken>processstatusicons</lastFormatToken>
                        <localId>1</localId>
                        <name>Status</name>
                        <show>false</show>
                    </column>
                    <column>
                        <columnAggregationFunction>24</columnAggregationFunction>
                        <drillPath>
                            <enabled>false</enabled>
                        </drillPath>
                        <expression>=pp!starttime</expression>
                        <formatToken>number</formatToken>
                        <group>false</group>
                        <lastAggregateToken>number</lastAggregateToken>
                        <lastFormatToken>datetime</lastFormatToken>
                        <localId>2</localId>
                        <name>Start Time</name>
                        <show>true</show>
                    </column>
                    <column>
                        <columnAggregationFunction>24</columnAggregationFunction>
                        <drillPath>
                            <enabled>false</enabled>
                        </drillPath>
                        <expression>=month(pp!starttime)</expression>
                        <formatToken>number</formatToken>
                        <group>false</group>
                        <lastAggregateToken>number</lastAggregateToken>
                        <lastFormatToken>number</lastFormatToken>
                        <localId>3</localId>
                        <name>Month Calculation</name>
                        <show>true</show>
                    </column>
                    <column>
                        <columnAggregationFunction>24</columnAggregationFunction>
                        <drillPath>
                            <enabled>false</enabled>
                        </drillPath>
                        <expression>=pp!name</expression>
                        <formatToken>number</formatToken>
                        <group>false</group>
                        <lastAggregateToken>number</lastAggregateToken>
                        <lastFormatToken>string</lastFormatToken>
                        <localId>4</localId>
                        <name>emonth</name>
                        <show>true</show>
                    </column>
                </columns>
                <contexts>
                    <context>
                        <stringId>0002dcfa-92a3-8000-5131-010000010000</stringId>
                        <type>20480</type>
                    </context>
                </contexts>
                <contextType>1</contextType>
                <quickFilters/>
                <recursive>false</recursive>
                <sortColumnLocalId>3</sortColumnLocalId>
                <sortOrder>0</sortOrder>
                <startIndex>0</startIndex>
                <type>1</type>
            </metadata>
            <display>
                <displayThresholds>false</displayThresholds>
                <displayType>0</displayType>
                <name>EPAS_AdjudicationMonthlyBased</name>
                <quickFilterDisplay>0</quickFilterDisplay>
                <showLegend>true</showLegend>
                <showQuickFiltersInToolbar>true</showQuickFiltersInToolbar>
                <supportedTypes>
                    <supportedType>0</supportedType>
                    <supportedType>1</supportedType>
                    <supportedType>2</supportedType>
                    <supportedType>3</supportedType>
                    <supportedType>4</supportedType>
                    <supportedType>5</supportedType>
                    <supportedType>6</supportedType>
                    <supportedType>7</supportedType>
                </supportedTypes>
                <useCustomToolbar>false</useCustomToolbar>
                <useDefaultBarGraphXML>true</useDefaultBarGraphXML>
                <useDefaultLineGraphXML>true</useDefaultLineGraphXML>
                <useDefaultPieGraphXML>true</useDefaultPieGraphXML>
            </display>
            <modified>false</modified>
            <showDisplayOptions>false</showDisplayOptions>
            <showTitle>false</showTitle>
            <showToolbar>false</showToolbar>
            <view>0</view>
            <writeAccess>false</writeAccess>
        </reportData>
    </report>
    <roleMap public="true">
        <role inherit="true" allowForAll="false" name="readers">
            <users/>
            <groups/>
        </role>
        <role inherit="true" allowForAll="false" name="authors">
            <users/>
            <groups/>
        </role>
        <role inherit="true" allowForAll="false" name="administrators">
            <users/>
            <groups/>
        </role>
        <role inherit="false" allowForAll="false" name="denyReaders">
            <users/>
            <groups/>
        </role>
        <role inherit="false" allowForAll="false" name="denyAuthors">
            <users/>
            <groups/>
        </role>
        <role inherit="false" allowForAll="false" name="denyAdministrators">
            <users/>
            <groups/>
        </role>
    </roleMap>
    <history>
        <historyInfo versionUuid="_a-0000e0e6-ca6a-8000-6ee0-010000010000_70070"/>
    </history>
</contentHaul>
