<?xml version="1.0" encoding="UTF-8" standalone="yes"?>
<contentHaul xmlns:a="http://www.appian.com/ae/types/2009">
    <versionUuid>_a-0000e0e6-ca6a-8000-6ee0-010000010000_70048</versionUuid>
    <rule>
        <name>EPAS_studySetupConfirmation</name>
        <uuid>_a-0000dd0c-08f6-8000-5130-010000010000_41176</uuid>
        <description>Confirmation Screen for Study Setup</description>
        <parentUuid>_a-0000dd0c-ffa4-8000-5130-010000010000_42706</parentUuid>
        <visibility>
            <advertise>false</advertise>
            <hierarchy>true</hierarchy>
            <indexable>true</indexable>
            <quota>false</quota>
            <searchable>true</searchable>
            <system>false</system>
            <unlogged>false</unlogged>
        </visibility>
        <definition>=
load(
  local!currentStep: 6,
  local!visitedStep,
  local!steps: #"_a-0000dcb6-5d2b-8000-5130-010000010000_30935",
#"SYSTEM_SYSRULES_formLayout"(
  label: "",
  instructions: "",
  firstColumnContents: {
#"_a-0000dcf6-cb79-8000-5130-010000010000_39141"(
          local!currentStep,
          local!visitedStep,
          local!steps
        ),
       
       #"SYSTEM_SYSRULES_richTextDisplayField"(
  labelPosition: "COLLAPSED",
  value: {
    #"SYSTEM_SYSRULES_richTextItem"(
      text: "The Below Study has been created Succesfully in the system.",
      style: "EMPHASIS"
    )}
    ), 

 #"_a-0000dcd7-2308-8000-5130-010000010000_35335"(
     ri!studySetupInfo,
     "record"
     ),
      
  },
  secondColumnContents: {
    
  },
  buttons: #"SYSTEM_SYSRULES_ButtonLayout"(
    primaryButtons: {
      #"SYSTEM_SYSRULES_ButtonWidgetSubmit"(
        label: "Submit",
        style: "PRIMARY"
      )
    }
  )
)
)</definition>
        <namedTypedValue>
            <name>studySetupInfo</name>
            <type>
                <name>Variant</name>
                <namespace>http://www.appian.com/ae/types/2009</namespace>
            </type>
        </namedTypedValue>
        <preferredEditor>interface</preferredEditor>
        <offlineEnabled>false</offlineEnabled>
    </rule>
    <roleMap public="true">
        <role inherit="true" allowForAll="false" name="readers">
            <users/>
            <groups/>
        </role>
        <role inherit="true" allowForAll="false" name="authors">
            <users/>
            <groups/>
        </role>
        <role inherit="true" allowForAll="false" name="administrators">
            <users>
                <userUuid>Administrator</userUuid>
            </users>
            <groups/>
        </role>
        <role inherit="false" allowForAll="false" name="denyReaders">
            <users/>
            <groups/>
        </role>
        <role inherit="false" allowForAll="false" name="denyAuthors">
            <users/>
            <groups/>
        </role>
        <role inherit="false" allowForAll="false" name="denyAdministrators">
            <users/>
            <groups/>
        </role>
    </roleMap>
    <history>
        <historyInfo versionUuid="_a-0000e0e6-ca6a-8000-6ee0-010000010000_70048"/>
    </history>
</contentHaul>
