<?xml version="1.0" encoding="UTF-8" standalone="yes"?>
<contentHaul xmlns:a="http://www.appian.com/ae/types/2009">
    <versionUuid>_a-0000e0e6-ca6a-8000-6ee0-010000010000_70062</versionUuid>
    <rule>
        <name>EPAS_percentAdjPerStudyPie</name>
        <uuid>_a-0000dd0c-ffa4-8000-5130-010000010000_41433</uuid>
        <description>Endpoint Adjudications per Study Pie</description>
        <parentUuid>_a-0000dd0c-ffa4-8000-5130-010000010000_42717</parentUuid>
        <visibility>
            <advertise>false</advertise>
            <hierarchy>true</hierarchy>
            <indexable>true</indexable>
            <quota>false</quota>
            <searchable>true</searchable>
            <system>false</system>
            <unlogged>false</unlogged>
        </visibility>
        <definition>load(
  local!pagingInfo: #"SYSTEM_SYSRULES_pagingInfo"(
    startIndex: 1,
    batchSize: - 1,
    sort: #"SYSTEM_SYSRULES_sortInfo"(
      field: "studyName",
      ascending: true
    )
  ),
  with(
    local!datasubset: #"SYSTEM_SYSRULES_queryEntity"(
      entity: #"_a-0000dcd7-2308-8000-5130-010000010000_35203",
      query: #"SYSTEM_SYSRULES_query"(
        aggregation: #"SYSTEM_SYSRULES_queryAggregation"(
          aggregationColumns: {
            #"SYSTEM_SYSRULES_queryAggregationColumn"(
              field: "studyName",
              isGrouping: true
            ),
            #"SYSTEM_SYSRULES_queryAggregationColumn"(
              field: "adjudInfoId",
              aggregationFunction: "COUNT"
            ),
            
          }
        ),
        pagingInfo: local!pagingInfo
      )
    ),
    {
      #"SYSTEM_SYSRULES_pieChartField"(
        label: "End Point Adjudications per Study ",
        instructions: "Click on the slice to see the Endpoint Adjudications for that Study ",
        series: {
          apply(
            #"SYSTEM_SYSRULES_chartSeries"(
              label: _,
              data: _,
              links: _
            ),
            merge(
              /*apply(rule!EAS_getStudyNameByStudyId(_), index(local!datasubset.data, "studyName", null)),*/
              index(local!datasubset.data, "studyName", null),
              index(
                local!datasubset.data,
                "adjudInfoId",
                null
              ),
              apply(
                #"SYSTEM_SYSRULES_dynamicLink"(
                  value: _,
                  saveInto: ri!selectedValue
                ),
                index(
                  local!datasubset.data,
                  "studyName",
                  {}
                )
              )
            )
          )
        },
        showDataLabels: false,
        showTooltips: true,
        showAsPercentage: true
      ),
      #"SYSTEM_SYSRULES_linkField"(
        label: "",
        align: "RIGHT",
        links: #"SYSTEM_SYSRULES_dynamicLink"(
          label: "View All Results",
          value: null,
          saveInto: ri!selectedValue
        )
      )
    }
  )
)</definition>
        <namedTypedValue>
            <name>selectedValue</name>
            <type>
                <name>string</name>
                <namespace>http://www.w3.org/2001/XMLSchema</namespace>
            </type>
            <value/>
        </namedTypedValue>
        <preferredEditor>interface</preferredEditor>
        <offlineEnabled>false</offlineEnabled>
    </rule>
    <roleMap public="true">
        <role inherit="true" allowForAll="false" name="readers">
            <users/>
            <groups/>
        </role>
        <role inherit="true" allowForAll="false" name="authors">
            <users/>
            <groups/>
        </role>
        <role inherit="true" allowForAll="false" name="administrators">
            <users/>
            <groups/>
        </role>
        <role inherit="false" allowForAll="false" name="denyReaders">
            <users/>
            <groups/>
        </role>
        <role inherit="false" allowForAll="false" name="denyAuthors">
            <users/>
            <groups/>
        </role>
        <role inherit="false" allowForAll="false" name="denyAdministrators">
            <users/>
            <groups/>
        </role>
    </roleMap>
    <history>
        <historyInfo versionUuid="_a-0000e0e6-ca6a-8000-6ee0-010000010000_70062"/>
    </history>
</contentHaul>
