<?xml version="1.0" encoding="UTF-8" standalone="yes"?>
<contentHaul xmlns:a="http://www.appian.com/ae/types/2009">
    <versionUuid>_a-0000e0e6-ca6a-8000-6ee0-010000010000_70134</versionUuid>
    <rule>
        <name>EPAS_userTasksByStatus</name>
        <uuid>_a-0000dcb6-5d2b-8000-5130-010000010000_32750</uuid>
        <description>Pie Chart of  Users Tasks </description>
        <parentUuid>_a-0000dd0c-ffa4-8000-5130-010000010000_42722</parentUuid>
        <visibility>
            <advertise>false</advertise>
            <hierarchy>true</hierarchy>
            <indexable>true</indexable>
            <quota>false</quota>
            <searchable>true</searchable>
            <system>false</system>
            <unlogged>false</unlogged>
        </visibility>
        <definition>load(&#xD;
  local!statusFilter: 0,&#xD;
  local!pagingInfo: #"SYSTEM_SYSRULES_pagingInfo"(&#xD;
    startIndex: 1,&#xD;
    batchSize: - 1&#xD;
  ),&#xD;
  with(&#xD;
    local!taskByStatus: a!queryProcessAnalytics(&#xD;
      report: #"_a-0000dd0c-08f6-8000-5130-010000010000_41171"&#xD;
    ),&#xD;
      {&#xD;
        if(&#xD;
           local!taskByStatus.totalCount=0,&#xD;
          {},&#xD;
          #"SYSTEM_SYSRULES_pieChartField"(&#xD;
            label: "Task By Status",&#xD;
            series: {&#xD;
              apply(&#xD;
                #"SYSTEM_SYSRULES_chartSeries"(&#xD;
                  label: _,&#xD;
                  data: _&#xD;
                ),&#xD;
                merge(&#xD;
                  {&#xD;
                  index(&#xD;
                    local!taskByStatus.data,&#xD;
                    "c5",&#xD;
                    null&#xD;
                  )&#xD;
                  },&#xD;
                  {&#xD;
                  index(&#xD;
                    local!taskByStatus.data,&#xD;
                    "c0",&#xD;
                    null&#xD;
                  )&#xD;
                  }&#xD;
                )&#xD;
              )&#xD;
            },&#xD;
            showDataLabels: true,&#xD;
            showTooltips: true&#xD;
          )&#xD;
        )&#xD;
      }&#xD;
  )&#xD;
)</definition>
        <preferredEditor>interface</preferredEditor>
        <offlineEnabled>false</offlineEnabled>
    </rule>
    <roleMap public="true">
        <role inherit="true" allowForAll="false" name="readers">
            <users/>
            <groups/>
        </role>
        <role inherit="true" allowForAll="false" name="authors">
            <users/>
            <groups/>
        </role>
        <role inherit="true" allowForAll="false" name="administrators">
            <users/>
            <groups/>
        </role>
        <role inherit="false" allowForAll="false" name="denyReaders">
            <users/>
            <groups/>
        </role>
        <role inherit="false" allowForAll="false" name="denyAuthors">
            <users/>
            <groups/>
        </role>
        <role inherit="false" allowForAll="false" name="denyAdministrators">
            <users/>
            <groups/>
        </role>
    </roleMap>
    <history>
        <historyInfo versionUuid="_a-0000e0e6-ca6a-8000-6ee0-010000010000_70134"/>
    </history>
</contentHaul>
