<?xml version="1.0" encoding="UTF-8" standalone="yes"?>
<contentHaul xmlns:a="http://www.appian.com/ae/types/2009">
    <versionUuid>_a-0000e0e6-ca6a-8000-6ee0-010000010000_69994</versionUuid>
    <rule>
        <name>EPAS_uploadDocumentConfirmation</name>
        <uuid>_a-0000dcff-77ee-8000-5130-010000010000_40078</uuid>
        <description>Upload Document Confirmation Screen for CRA</description>
        <parentUuid>_a-0000dd0c-ffa4-8000-5130-010000010000_42705</parentUuid>
        <visibility>
            <advertise>false</advertise>
            <hierarchy>true</hierarchy>
            <indexable>true</indexable>
            <quota>false</quota>
            <searchable>true</searchable>
            <system>false</system>
            <unlogged>false</unlogged>
        </visibility>
        <definition>#"SYSTEM_SYSRULES_formLayout"(
  label:"",
  firstColumnContents:{
        #"SYSTEM_SYSRULES_milestoneField"(
        label: " ",
        steps: #"_a-0000dcff-77ee-8000-5130-010000010000_40016",
        active: 3
      ),
      #"SYSTEM_SYSRULES_sectionLayout"(
     label:"Documents Uploaded Successfully For Study "&amp;ri!AdjudicationInfo.studyName,
     firstColumnContents:{
     #"SYSTEM_SYSRULES_richTextDisplayField"(
  value: {
    #"SYSTEM_SYSRULES_richTextItem"(
      text: "The study type documents have been uploaded and will be submitted for further review",
     style: "HEADER_SMALL"
    )},
  align: "LEFT"),
 #"SYSTEM_SYSRULES_linkField"(
   label: "Adjudication Id:",
   links:#"SYSTEM_SYSRULES_recordLink"(
     label:ri!AdjudicationInfo.adjudInfoId,
     recordType: #"_a-0000dd0c-08f6-8000-5130-010000010000_41148",
     identifier: ri!AdjudicationInfo.adjudInfoId
     
     ), 
      labelPosition:"ADJACENT"
 ),
     #"SYSTEM_SYSRULES_linkField"(
              label: "Study Name:",
              labelPosition: "ADJACENT",
              align: "LEFT",
              links: {
        #"SYSTEM_SYSRULES_recordLink"(
            label: if(
              isnull(ri!AdjudicationInfo.studyName),
              "",
              ri!AdjudicationInfo.studyName
            ),
            recordType: #"_a-0000dd0c-08f6-8000-5130-010000010000_41179",
            identifier: ri!AdjudicationInfo.studySetupId
          )
          })
          ,#"SYSTEM_SYSRULES_textField"(
       label:"Subject ID:",
        labelPosition:"ADJACENT",
        value:ri!AdjudicationInfo.subjectId,
        readOnly:true
       
     ),
     #"SYSTEM_SYSRULES_textField"(
       label:"Endpoint Name:",
        labelPosition:"ADJACENT",
        value:ri!AdjudicationInfo.endpointName,
        readOnly:true
       
     ),
     #"SYSTEM_SYSRULES_richTextDisplayField"(
  value: {
    #"SYSTEM_SYSRULES_richTextItem"(
      text: "A notification will be sent to the Facilitator for review and processing.",
     style: "HEADER_SMALL"
    )},
  align: "LEFT")
     
   })
    
  },
  buttons:#"SYSTEM_SYSRULES_ButtonLayout"(
      primaryButtons:{
         #"SYSTEM_SYSRULES_ButtonWidgetSubmit"(
           label:"Submit For Review",
           value:"Next",
           style:"PRIMARY"
         )
      }
    )
  
  )
   
     
   
  
  
  
  
  
  
  


    

  
  
  
  
</definition>
        <namedTypedValue>
            <name>AdjudicationInfo</name>
            <type>
                <name>Variant</name>
                <namespace>http://www.appian.com/ae/types/2009</namespace>
            </type>
        </namedTypedValue>
        <preferredEditor>interface</preferredEditor>
        <offlineEnabled>false</offlineEnabled>
    </rule>
    <roleMap public="true">
        <role inherit="true" allowForAll="false" name="readers">
            <users/>
            <groups/>
        </role>
        <role inherit="true" allowForAll="false" name="authors">
            <users/>
            <groups/>
        </role>
        <role inherit="true" allowForAll="false" name="administrators">
            <users>
                <userUuid>Administrator</userUuid>
            </users>
            <groups/>
        </role>
        <role inherit="false" allowForAll="false" name="denyReaders">
            <users/>
            <groups/>
        </role>
        <role inherit="false" allowForAll="false" name="denyAuthors">
            <users/>
            <groups/>
        </role>
        <role inherit="false" allowForAll="false" name="denyAdministrators">
            <users/>
            <groups/>
        </role>
    </roleMap>
    <history>
        <historyInfo versionUuid="_a-0000e0e6-ca6a-8000-6ee0-010000010000_69994"/>
    </history>
</contentHaul>
