<?xml version="1.0" encoding="UTF-8" standalone="yes"?>
<contentHaul xmlns:a="http://www.appian.com/ae/types/2009">
    <versionUuid>_a-0000e0e6-ca6a-8000-6ee0-010000010000_69993</versionUuid>
    <rule>
        <name>EPAS_endPointAdjudConfirmationForCra</name>
        <uuid>_a-0000dcff-77ee-8000-5130-010000010000_40076</uuid>
        <description>Interface for End Point Adjudication Confirmation Screen For CRA</description>
        <parentUuid>_a-0000dd0c-ffa4-8000-5130-010000010000_42705</parentUuid>
        <visibility>
            <advertise>false</advertise>
            <hierarchy>true</hierarchy>
            <indexable>true</indexable>
            <quota>false</quota>
            <searchable>true</searchable>
            <system>false</system>
            <unlogged>false</unlogged>
        </visibility>
        <definition>#"SYSTEM_SYSRULES_formLayout"(
  label:"",
  firstColumnContents:{
      #"SYSTEM_SYSRULES_sectionLayout"(
     label:"Confirmation",
     firstColumnContents:{
        /*   a!imageField(*/
        /*  label: "",*/
        /*  labelPosition:"ADJACENT",	*/
        /*  images: {*/
        /*    a!documentImage(*/
        /*      document: 31235,*/
        /*      caption:""*/
        /*)},*/
        /*size:"LARGE"*/
        /*),*/

     #"SYSTEM_SYSRULES_richTextDisplayField"(
  value: {
    #"SYSTEM_SYSRULES_richTextItem"(
      text: "The following data has been sent back to CRA for revision :",
     style: "HEADER_SMALL"
    )},
  align: "LEFT"),
     #"SYSTEM_SYSRULES_linkField"(
              label: "Study Name:",
              labelPosition: "ADJACENT",
              align: "LEFT",
              links: {
        #"SYSTEM_SYSRULES_recordLink"(
            label: if(
              isnull(ri!AdjudicationInfo.studyName),
              "",
              ri!AdjudicationInfo.studyName
            ),
            recordType: #"_a-0000dd0c-08f6-8000-5130-010000010000_41179",
            identifier: ri!StudySetupInfo.studySetupId
          )
          }),#"SYSTEM_SYSRULES_textField"(
       label:"Subject ID:",
        labelPosition:"ADJACENT",
        value:ri!AdjudicationInfo.subjectId,
        readOnly:true
       
     ),
     #"SYSTEM_SYSRULES_textField"(
       label:"Endpoint Name:",
        labelPosition:"ADJACENT",
        value:ri!AdjudicationInfo.endpointId,
        readOnly:true
       
     ),
     #"SYSTEM_SYSRULES_richTextDisplayField"(
  value: {
    #"SYSTEM_SYSRULES_richTextItem"(
      text: "A notification has been sent to the CRA to modify/upload relevant documents.",
     style: "HEADER_SMALL"
    )},
  align: "LEFT")
     
   })
    
  },
  buttons:#"SYSTEM_SYSRULES_ButtonLayout"(
      primaryButtons:{
         #"SYSTEM_SYSRULES_ButtonWidgetSubmit"(
           label:"Ok",
           value:"Next",
           style:"PRIMARY"
         )
      }
    )
  
  )</definition>
        <namedTypedValue>
            <name>AdjudicationInfo</name>
            <type>
                <name>Variant</name>
                <namespace>http://www.appian.com/ae/types/2009</namespace>
            </type>
        </namedTypedValue>
        <namedTypedValue>
            <name>StudySetupInfo</name>
            <type>
                <name>Variant</name>
                <namespace>http://www.appian.com/ae/types/2009</namespace>
            </type>
        </namedTypedValue>
        <preferredEditor>interface</preferredEditor>
        <offlineEnabled>false</offlineEnabled>
    </rule>
    <roleMap public="true">
        <role inherit="true" allowForAll="false" name="readers">
            <users/>
            <groups/>
        </role>
        <role inherit="true" allowForAll="false" name="authors">
            <users/>
            <groups/>
        </role>
        <role inherit="true" allowForAll="false" name="administrators">
            <users>
                <userUuid>Administrator</userUuid>
            </users>
            <groups/>
        </role>
        <role inherit="false" allowForAll="false" name="denyReaders">
            <users/>
            <groups/>
        </role>
        <role inherit="false" allowForAll="false" name="denyAuthors">
            <users/>
            <groups/>
        </role>
        <role inherit="false" allowForAll="false" name="denyAdministrators">
            <users/>
            <groups/>
        </role>
    </roleMap>
    <history>
        <historyInfo versionUuid="_a-0000e0e6-ca6a-8000-6ee0-010000010000_69993"/>
    </history>
</contentHaul>
