<?xml version="1.0" encoding="UTF-8" standalone="yes"?>
<contentHaul xmlns:a="http://www.appian.com/ae/types/2009">
    <versionUuid>_a-0000e0e6-ca6a-8000-6ee0-010000010000_70010</versionUuid>
    <rule>
        <name>EPAS_DisplayEndPointQuestionResponse</name>
        <uuid>_a-0000dcff-77ee-8000-5130-010000010000_40428</uuid>
        <description>Interface to Display End Point Question Response</description>
        <parentUuid>_a-0000dd0c-ffa4-8000-5130-010000010000_42705</parentUuid>
        <visibility>
            <advertise>false</advertise>
            <hierarchy>true</hierarchy>
            <indexable>true</indexable>
            <quota>false</quota>
            <searchable>true</searchable>
            <system>false</system>
            <unlogged>false</unlogged>
        </visibility>
        <definition>load(&#xD;
    local!columnValues :append({"Question","Conflict?"},#"_a-0000d690-12fb-8000-0f1a-010000010000_1375"(index(ri!response,"reviewerId",{}))),&#xD;
    local!itemsToken1,&#xD;
{&#xD;
if(isnull(ri!response),&#xD;
        {},&#xD;
			#"SYSTEM_SYSRULES_sectionLayout"(&#xD;
				label:ri!label,&#xD;
				firstColumnContents:{&#xD;
					#"SYSTEM_SYSRULES_gridLayout"(&#xD;
					  label:"",&#xD;
					  headerCells:apply(#"_a-0000dd0c-ffa4-8000-5130-010000010000_42736",local!columnValues),&#xD;
					  totalCount:length(ri!questionArray),&#xD;
					  rows:#"SYSTEM_SYSRULES_applyComponents"(&#xD;
						   function:#"_a-0000dd0c-ffa4-8000-5130-010000010000_42733"(index:_,&#xD;
							   responseInfo:ri!response,&#xD;
							   itemsToken:local!itemsToken1,&#xD;
							   allQuestions:ri!questionArray,&#xD;
							   columnValues:local!columnValues&#xD;
						   ),&#xD;
						  array: if(or(isnull(ri!questionArray), count(ri!questionArray) &lt; 1), {}, 1+enumerate(count(ri!questionArray))),				  &#xD;
						  arrayVariable:local!itemsToken1&#xD;
						 )&#xD;
					)&#xD;
										&#xD;
				},&#xD;
				isCollapsible: true&#xD;
			)&#xD;
&#xD;
)&#xD;
}&#xD;
)</definition>
        <namedTypedValue>
            <name>response</name>
            <type>
                <name>Variant</name>
                <namespace>http://www.appian.com/ae/types/2009</namespace>
            </type>
        </namedTypedValue>
        <namedTypedValue>
            <name>label</name>
            <type>
                <name>string</name>
                <namespace>http://www.w3.org/2001/XMLSchema</namespace>
            </type>
            <value/>
        </namedTypedValue>
        <namedTypedValue>
            <name>questionArray</name>
            <type>
                <name>Text?list</name>
                <namespace>http://www.appian.com/ae/types/2009</namespace>
            </type>
        </namedTypedValue>
        <namedTypedValue>
            <name>conflictArray</name>
            <type>
                <name>Text?list</name>
                <namespace>http://www.appian.com/ae/types/2009</namespace>
            </type>
        </namedTypedValue>
        <preferredEditor>interface</preferredEditor>
        <offlineEnabled>false</offlineEnabled>
    </rule>
    <roleMap public="true">
        <role inherit="true" allowForAll="false" name="readers">
            <users/>
            <groups/>
        </role>
        <role inherit="true" allowForAll="false" name="authors">
            <users/>
            <groups/>
        </role>
        <role inherit="true" allowForAll="false" name="administrators">
            <users/>
            <groups/>
        </role>
        <role inherit="false" allowForAll="false" name="denyReaders">
            <users/>
            <groups/>
        </role>
        <role inherit="false" allowForAll="false" name="denyAuthors">
            <users/>
            <groups/>
        </role>
        <role inherit="false" allowForAll="false" name="denyAdministrators">
            <users/>
            <groups/>
        </role>
    </roleMap>
    <history>
        <historyInfo versionUuid="_a-0000e0e6-ca6a-8000-6ee0-010000010000_70010"/>
    </history>
</contentHaul>
