<?xml version="1.0" encoding="UTF-8" standalone="yes"?>
<contentHaul xmlns:a="http://www.appian.com/ae/types/2009">
    <versionUuid>_a-0000e0e6-ca6a-8000-6ee0-010000010000_70170</versionUuid>
    <rule>
        <name>EPAS_EndPointConfigValidations</name>
        <uuid>_a-0000dd16-0574-8000-9ba2-011c48011c48_26517</uuid>
        <description>QuestionInfo and Document Check List Validations</description>
        <parentUuid>_a-0000dd0c-ffa4-8000-5130-010000010000_42722</parentUuid>
        <visibility>
            <advertise>false</advertise>
            <hierarchy>true</hierarchy>
            <indexable>true</indexable>
            <quota>false</quota>
            <searchable>true</searchable>
            <system>false</system>
            <unlogged>false</unlogged>
        </visibility>
        <definition>apply(
  fn!isnull,{
  reduce(fn!index,ri!endPointSetupInfo,{1,"questionsInfo"},null),
  reduce(fn!index,ri!endPointSetupInfo,{1,"docChecklistInfo"},null)

}
)
</definition>
        <namedTypedValue>
            <name>endPointSetupInfo</name>
            <type>
                <name>Variant</name>
                <namespace>http://www.appian.com/ae/types/2009</namespace>
            </type>
        </namedTypedValue>
        <preferredEditor>legacy</preferredEditor>
        <offlineEnabled>false</offlineEnabled>
    </rule>
    <roleMap public="true">
        <role inherit="true" allowForAll="false" name="readers">
            <users/>
            <groups/>
        </role>
        <role inherit="true" allowForAll="false" name="authors">
            <users/>
            <groups/>
        </role>
        <role inherit="true" allowForAll="false" name="administrators">
            <users/>
            <groups/>
        </role>
        <role inherit="false" allowForAll="false" name="denyReaders">
            <users/>
            <groups/>
        </role>
        <role inherit="false" allowForAll="false" name="denyAuthors">
            <users/>
            <groups/>
        </role>
        <role inherit="false" allowForAll="false" name="denyAdministrators">
            <users/>
            <groups/>
        </role>
    </roleMap>
    <history>
        <historyInfo versionUuid="_a-0000e0e6-ca6a-8000-6ee0-010000010000_70170"/>
    </history>
</contentHaul>
