<?xml version="1.0" encoding="UTF-8" standalone="yes"?>
<contentHaul xmlns:a="http://www.appian.com/ae/types/2009">
    <versionUuid>_a-0000e0e6-ca6a-8000-6ee0-010000010000_69998</versionUuid>
    <rule>
        <name>EPAS_displayUploadedStudyDocForAdjud</name>
        <uuid>_a-0000dcff-77ee-8000-5130-010000010000_40100</uuid>
        <description>Interface display Upload documents in Grid for Adjudication Id</description>
        <parentUuid>_a-0000dd0c-ffa4-8000-5130-010000010000_42705</parentUuid>
        <visibility>
            <advertise>false</advertise>
            <hierarchy>true</hierarchy>
            <indexable>true</indexable>
            <quota>false</quota>
            <searchable>true</searchable>
            <system>false</system>
            <unlogged>false</unlogged>
        </visibility>
        <definition>load(&#xD;
  local!docInfo: #"_a-0000dcff-77ee-8000-5130-010000010000_40101"(ri!adjudId),&#xD;
   local!pagingInfoDocChecklist:#"SYSTEM_SYSRULES_pagingInfo"(&#xD;
	startIndex: 1,&#xD;
	batchSize: - 1&#xD;
  ),&#xD;
  with(&#xD;
     local!docChecklistDatasubset:todatasubset(local!docInfo,local!pagingInfoDocChecklist),&#xD;
  {&#xD;
    if(local!docChecklistDatasubset.totalCount = 0,&#xD;
    {},&#xD;
    &#xD;
#"SYSTEM_SYSRULES_sectionLayout"(&#xD;
    label:" Uploaded Documents",&#xD;
    firstColumnContents:{&#xD;
			#"SYSTEM_SYSRULES_gridField"(&#xD;
			  totalCount: local!docChecklistDatasubset.totalCount,&#xD;
			  columns: {&#xD;
				#"SYSTEM_SYSRULES_gridTextColumn"(&#xD;
				  label: "Document Type",&#xD;
				  data: index(local!docChecklistDatasubset.data,"docType",{})&#xD;
				),&#xD;
				#"SYSTEM_SYSRULES_gridTextColumn"(&#xD;
					label: "Document Link",&#xD;
					data:apply(#"_a-0000dcac-97e9-8000-a73e-010000010000_3274"(_),index(local!docChecklistDatasubset.data,"docId",{})),&#xD;
					links: apply(#"SYSTEM_SYSRULES_documentDownloadLink"(_,""),index(local!docChecklistDatasubset.data,"docId",{})),&#xD;
					alignment: "LEFT"&#xD;
				 ),&#xD;
				 #"SYSTEM_SYSRULES_gridTextColumn"(&#xD;
                  label: "Uploaded By",&#xD;
                  data: apply(&#xD;
                    #"693d4589-ca73-46fe-9bc0-cc4232f0f888",&#xD;
&#xD;
                      index(&#xD;
                        local!docChecklistDatasubset.data,&#xD;
                        "uploadedUserId",&#xD;
                        {}&#xD;
                      )&#xD;
                    &#xD;
                  ),&#xD;
                  alignment: "LEFT"&#xD;
                ),&#xD;
                #"SYSTEM_SYSRULES_gridTextColumn"(&#xD;
                  label: "Uploaded On",&#xD;
                  data: apply(&#xD;
                    #"_a-0000dd0c-ffa4-8000-5130-010000010000_42725"(&#xD;
                      _&#xD;
                    ),&#xD;
                    index(&#xD;
                      local!docChecklistDatasubset.data,&#xD;
                      "docId",&#xD;
                      {}&#xD;
                    )&#xD;
                  ),&#xD;
                  alignment: "LEFT"&#xD;
                )&#xD;
			  },&#xD;
			  value: local!pagingInfoDocChecklist,&#xD;
			  saveInto:local!pagingInfoDocChecklist&#xD;
			)&#xD;
		  },&#xD;
  isCollapsible:true&#xD;
  )&#xD;
  )&#xD;
  }&#xD;
  )&#xD;
  )</definition>
        <namedTypedValue>
            <name>adjudId</name>
            <type>
                <name>int</name>
                <namespace>http://www.w3.org/2001/XMLSchema</namespace>
            </type>
        </namedTypedValue>
        <preferredEditor>interface</preferredEditor>
        <offlineEnabled>false</offlineEnabled>
    </rule>
    <roleMap public="true">
        <role inherit="true" allowForAll="false" name="readers">
            <users/>
            <groups/>
        </role>
        <role inherit="true" allowForAll="false" name="authors">
            <users/>
            <groups/>
        </role>
        <role inherit="true" allowForAll="false" name="administrators">
            <users/>
            <groups/>
        </role>
        <role inherit="false" allowForAll="false" name="denyReaders">
            <users/>
            <groups/>
        </role>
        <role inherit="false" allowForAll="false" name="denyAuthors">
            <users/>
            <groups/>
        </role>
        <role inherit="false" allowForAll="false" name="denyAdministrators">
            <users/>
            <groups/>
        </role>
    </roleMap>
    <history>
        <historyInfo versionUuid="_a-0000e0e6-ca6a-8000-6ee0-010000010000_69998"/>
    </history>
</contentHaul>
