<?xml version="1.0" encoding="UTF-8" standalone="yes"?>
<contentHaul xmlns:a="http://www.appian.com/ae/types/2009">
    <versionUuid>_a-0000e0e6-ca6a-8000-6ee0-010000010000_70125</versionUuid>
    <report>
        <name>Opt Processes By Version 74</name>
        <uuid>_a-0000d89c-0dc5-8000-3ca7-0a000064044c_60279</uuid>
        <description>Processes By Version -- For Appian 7.4 Graph</description>
        <parentUuid>_a-0000d229-1b2b-8000-7be3-680000680000_2442</parentUuid>
        <visibility>
            <advertise>false</advertise>
            <hierarchy>true</hierarchy>
            <indexable>true</indexable>
            <quota>false</quota>
            <searchable>true</searchable>
            <system>false</system>
            <unlogged>false</unlogged>
        </visibility>
        <reportData>
            <metadata>
                <baseFilters>
                    <dueTodayFilter>
                        <apply>false</apply>
                    </dueTodayFilter>
                    <runningFilter>
                        <apply>false</apply>
                    </runningFilter>
                    <lastNDaysFilter>
                        <apply>false</apply>
                        <dayCount>365.0</dayCount>
                    </lastNDaysFilter>
                    <completedFilter>
                        <apply>false</apply>
                    </completedFilter>
                    <lastNCompletedFilter>
                        <apply>false</apply>
                        <completedCount>0</completedCount>
                    </lastNCompletedFilter>
                    <outsideNStandardDeviationsFilter>
                        <apply>false</apply>
                        <standardDeviationCount>0.0</standardDeviationCount>
                    </outsideNStandardDeviationsFilter>
                    <aheadOfScheduleFilter>
                        <apply>false</apply>
                    </aheadOfScheduleFilter>
                    <behindScheduleFilter>
                        <apply>false</apply>
                    </behindScheduleFilter>
                    <simpleColumnFilter>
                        <apply>true</apply>
                        <columnLocalId>12</columnLocalId>
                        <comparison>0</comparison>
                        <typedValue>
                            <type>
<name>double</name>
<namespace>http://www.w3.org/2001/XMLSchema</namespace>
                            </type>
                            <value>0.0</value>
                        </typedValue>
                        <reportPortletFilter>false</reportPortletFilter>
                    </simpleColumnFilter>
                </baseFilters>
                <batchSize>15</batchSize>
                <columns>
                    <column>
                        <drillPath>
                            <enabled>false</enabled>
                        </drillPath>
                        <expression>=pm!version</expression>
                        <formatToken>string</formatToken>
                        <group>true</group>
                        <lastFormatToken>string</lastFormatToken>
                        <localId>2</localId>
                        <name>Version</name>
                        <show>true</show>
                    </column>
                    <column>
                        <columnAggregationFunction>24</columnAggregationFunction>
                        <drillPath>
                            <enabled>false</enabled>
                        </drillPath>
                        <expression>=tointeger(pm!version)</expression>
                        <formatToken>number</formatToken>
                        <group>true</group>
                        <lastAggregateToken>number</lastAggregateToken>
                        <lastFormatToken>number</lastFormatToken>
                        <localId>12</localId>
                        <name>versionInt</name>
                        <show>false</show>
                    </column>
                    <column>
                        <columnAggregationFunction>24</columnAggregationFunction>
                        <drillPath>
                            <enabled>true</enabled>
                            <expression>pp!id</expression>
                            <linkType>7</linkType>
                        </drillPath>
                        <expression>=pp!id</expression>
                        <formatToken>number</formatToken>
                        <group>false</group>
                        <lastAggregateToken>number</lastAggregateToken>
                        <lastFormatToken>number</lastFormatToken>
                        <localId>0</localId>
                        <name>Requests</name>
                        <show>true</show>
                    </column>
                    <column>
                        <columnAggregationFunction>23</columnAggregationFunction>
                        <drillPath>
                            <enabled>false</enabled>
                        </drillPath>
                        <expression>=running_completion_time()</expression>
                        <formatToken>decimal_rounded_to_two_places</formatToken>
                        <group>false</group>
                        <lastAggregateToken>decimal_rounded_to_two_places</lastAggregateToken>
                        <lastFormatToken>durations</lastFormatToken>
                        <localId>11</localId>
                        <name>Average Completion Time (Days)</name>
                        <show>true</show>
                    </column>
                    <column>
                        <columnAggregationFunction>22</columnAggregationFunction>
                        <drillPath>
                            <enabled>false</enabled>
                        </drillPath>
                        <expression>=if(num_overdue_tasks()&gt;0,1,0)</expression>
                        <formatToken>number</formatToken>
                        <group>false</group>
                        <lastAggregateToken>number</lastAggregateToken>
                        <lastFormatToken>number</lastFormatToken>
                        <localId>10</localId>
                        <name>Overdue Requests</name>
                        <show>true</show>
                    </column>
                </columns>
                <contexts/>
                <contextType>1</contextType>
                <quickFilters/>
                <recursive>false</recursive>
                <sortColumnLocalId>12</sortColumnLocalId>
                <sortOrder>0</sortOrder>
                <startIndex>0</startIndex>
                <type>1</type>
            </metadata>
            <display>
                <description>Processes By Version -- For Appian 7.4 Graph</description>
                <displayThresholds>false</displayThresholds>
                <displayType>0</displayType>
                <name>Opt Processes By Version 74</name>
                <quickFilterDisplay>1</quickFilterDisplay>
                <showLegend>true</showLegend>
                <showQuickFiltersInToolbar>true</showQuickFiltersInToolbar>
                <supportedTypes>
                    <supportedType>0</supportedType>
                    <supportedType>1</supportedType>
                    <supportedType>2</supportedType>
                    <supportedType>3</supportedType>
                </supportedTypes>
                <thresholdColumnLocalId>10</thresholdColumnLocalId>
                <thresholdColumnName>Performance</thresholdColumnName>
                <thresholds>
                    <threshold>
                        <iconUuid>SYSTEM_DOC_PERFORMANCE_INDICATOR_GREEN</iconUuid>
                        <defaultIconName>indicatorgreen</defaultIconName>
                        <label>In Compliance</label>
                        <upperBound>0.2</upperBound>
                    </threshold>
                    <threshold>
                        <iconUuid>SYSTEM_DOC_PERFORMANCE_INDICATOR_RED</iconUuid>
                        <defaultIconName>indicatorred</defaultIconName>
                        <label>Not in Compliance</label>
                    </threshold>
                </thresholds>
                <useCustomToolbar>false</useCustomToolbar>
                <useDefaultBarGraphXML>true</useDefaultBarGraphXML>
                <useDefaultLineGraphXML>true</useDefaultLineGraphXML>
                <useDefaultPieGraphXML>true</useDefaultPieGraphXML>
            </display>
            <modified>false</modified>
            <showDisplayOptions>false</showDisplayOptions>
            <showTitle>false</showTitle>
            <showToolbar>false</showToolbar>
            <view>0</view>
            <writeAccess>false</writeAccess>
        </reportData>
    </report>
    <roleMap public="true">
        <role inherit="true" allowForAll="false" name="readers">
            <users/>
            <groups/>
        </role>
        <role inherit="true" allowForAll="false" name="authors">
            <users/>
            <groups/>
        </role>
        <role inherit="true" allowForAll="false" name="administrators">
            <users/>
            <groups/>
        </role>
        <role inherit="false" allowForAll="false" name="denyReaders">
            <users/>
            <groups/>
        </role>
        <role inherit="false" allowForAll="false" name="denyAuthors">
            <users/>
            <groups/>
        </role>
        <role inherit="false" allowForAll="false" name="denyAdministrators">
            <users/>
            <groups/>
        </role>
    </roleMap>
    <history>
        <historyInfo versionUuid="_a-0000e0e6-ca6a-8000-6ee0-010000010000_70125"/>
    </history>
</contentHaul>
