<?xml version="1.0" encoding="UTF-8" standalone="yes"?>
<applicationHaul xmlns:a="http://www.appian.com/ae/types/2009">
    <versionUuid>_a-0000e0e6-ca6a-8000-6ee0-010000010000_69904</versionUuid>
    <application>
        <name>EPAS Framework</name>
        <uuid>_a-0000dcd7-2308-8000-5130-010000010000_35146</uuid>
        <description>Endpoint Adjudication System </description>
        <parentUuid>SYSTEM_APPLICATIONS_ROOT</parentUuid>
        <visibility>
            <advertise>false</advertise>
            <hierarchy>true</hierarchy>
            <indexable>true</indexable>
            <quota>false</quota>
            <searchable>true</searchable>
            <system>false</system>
            <unlogged>false</unlogged>
        </visibility>
        <urlIdentifier>Os6maA</urlIdentifier>
        <published>true</published>
        <public>false</public>
        <associatedObjects>
            <globalIdMap>
                <item>
                    <type>datatype</type>
                    <uuids>
                        <uuid>{com.cognizant.epas.types}EPAS_UserDetails</uuid>
                        <uuid>{com.cognizant.epas.types}EPAS_DocChecklistInfo</uuid>
                        <uuid>{com.cognizant.epas.types}EPAS_EndPointSetupInfo</uuid>
                        <uuid>{com.cognizant.epas.types}EPAS_QuestionsInfo</uuid>
                        <uuid>{com.cognizant.epas.types}EPAS_StudySelectedUser</uuid>
                        <uuid>{com.cognizant.epas.types}EPAS_StudySetupInfo</uuid>
                        <uuid>{com.cognizant.epas.types}EPAS_AdjudicationInfo</uuid>
                        <uuid>{com.cognizant.epas.types}EPAS_DocumentInfo</uuid>
                        <uuid>{com.cognizant.epas.types}EPAS_ResponseInfo</uuid>
                        <uuid>{com.cognizant.epas.types}EPAS_UserComments</uuid>
                        <uuid>{com.cognizant.epas.types}EPAS_AuditTrail</uuid>
                        <uuid>{com.cognizant.epas.types}EPAS_OptionsInfo</uuid>
                        <uuid>{com.cognizant.epas.types}EPAS_AdjudSelectedUser</uuid>
                    </uuids>
                </item>
                <item>
                    <type>dataStore</type>
                    <uuids>
                        <uuid>_a-0000dcb6-5d2b-8000-5130-010000010000_32104</uuid>
                    </uuids>
                </item>
                <item>
                    <type>user</type>
                    <uuids/>
                </item>
                <item>
                    <type>groupType</type>
                    <uuids>
                        <uuid>_f-0001dcd6-cfce-8000-512d-010000010000_8</uuid>
                    </uuids>
                </item>
                <item>
                    <type>group</type>
                    <uuids>
                        <uuid>_e-0001dcd6-cfce-8000-512d-010000010000_171</uuid>
                        <uuid>_e-0001dcd6-cfce-8000-512d-010000010000_172</uuid>
                        <uuid>_e-0001dcd6-cfce-8000-512d-010000010000_173</uuid>
                        <uuid>_e-0001dcd6-cfce-8000-512d-010000010000_174</uuid>
                        <uuid>_e-0001dcd6-cfce-8000-512d-010000010000_175</uuid>
                        <uuid>_e-0001dcd6-cfce-8000-512d-010000010000_176</uuid>
                        <uuid>_e-0001dcd6-cfce-8000-512d-010000010000_177</uuid>
                        <uuid>_e-0000dd0b-cb43-8000-512d-010000010000_229</uuid>
                    </uuids>
                </item>
                <item>
                    <type>content</type>
                    <uuids>
                        <uuid>_a-0000dcd7-2308-8000-5130-010000010000_35078</uuid>
                        <uuid>_a-0000dcd7-2308-8000-5130-010000010000_35079</uuid>
                        <uuid>_a-0000dcd7-2308-8000-5130-010000010000_35080</uuid>
                        <uuid>_a-0000dcd7-2308-8000-5130-010000010000_35081</uuid>
                        <uuid>_a-0000dcd7-2308-8000-5130-010000010000_35082</uuid>
                        <uuid>_a-0000dcd7-2308-8000-5130-010000010000_35083</uuid>
                        <uuid>_a-0000dcd7-2308-8000-5130-010000010000_35084</uuid>
                        <uuid>_a-0000dcd7-2308-8000-5130-010000010000_35075</uuid>
                        <uuid>_a-0000dcd7-2308-8000-5130-010000010000_35203</uuid>
                        <uuid>_a-0000dcd7-2308-8000-5130-010000010000_35206</uuid>
                        <uuid>_a-0000dcd7-2308-8000-5130-010000010000_35298</uuid>
                        <uuid>_a-0000dcd7-2308-8000-5130-010000010000_35310</uuid>
                        <uuid>_a-0000dcd7-2308-8000-5130-010000010000_35312</uuid>
                        <uuid>_a-0000dcd7-2308-8000-5130-010000010000_35323</uuid>
                        <uuid>_a-0000dcd7-2308-8000-5130-010000010000_35331</uuid>
                        <uuid>_a-0000dcd7-2308-8000-5130-010000010000_35335</uuid>
                        <uuid>_a-0000dcd7-2308-8000-5130-010000010000_35338</uuid>
                        <uuid>_a-0000dcd7-2308-8000-5130-010000010000_35342</uuid>
                        <uuid>_a-0000dcd7-2308-8000-5130-010000010000_35344</uuid>
                        <uuid>_a-0000dcd7-2308-8000-5130-010000010000_35345</uuid>
                        <uuid>_a-0000dcd7-2308-8000-5130-010000010000_35348</uuid>
                        <uuid>_a-0000dcd7-2308-8000-5130-010000010000_35352</uuid>
                        <uuid>_a-0000dcd7-2308-8000-5130-010000010000_35354</uuid>
                        <uuid>_a-0000dcd7-2308-8000-5130-010000010000_35355</uuid>
                        <uuid>_a-0000dcd7-2308-8000-5130-010000010000_35357</uuid>
                        <uuid>_a-0000dcd7-2308-8000-5130-010000010000_35358</uuid>
                        <uuid>_a-0000dcd7-2308-8000-5130-010000010000_35363</uuid>
                        <uuid>_a-0000dcd7-2308-8000-5130-010000010000_35364</uuid>
                        <uuid>_a-0000dcd7-2308-8000-5130-010000010000_35368</uuid>
                        <uuid>_a-0000dcd7-2308-8000-5130-010000010000_35376</uuid>
                        <uuid>_a-0000dcd7-2308-8000-5130-010000010000_35377</uuid>
                        <uuid>_a-0000dcd7-2308-8000-5130-010000010000_35399</uuid>
                        <uuid>_a-0000dcd7-2308-8000-5130-010000010000_35401</uuid>
                        <uuid>_a-0000dcd7-2308-8000-5130-010000010000_35408</uuid>
                        <uuid>_a-0000dcf6-cb79-8000-5130-010000010000_38946</uuid>
                        <uuid>_a-0000dcf6-cb79-8000-5130-010000010000_38947</uuid>
                        <uuid>_a-0000dcf6-cb79-8000-5130-010000010000_38950</uuid>
                        <uuid>_a-0000dcf6-cb79-8000-5130-010000010000_38953</uuid>
                        <uuid>_a-0000dcf6-cb79-8000-5130-010000010000_38954</uuid>
                        <uuid>_a-0000dcf6-cb79-8000-5130-010000010000_38955</uuid>
                        <uuid>_a-0000dcf6-cb79-8000-5130-010000010000_38956</uuid>
                        <uuid>_a-0000dcf6-cb79-8000-5130-010000010000_38958</uuid>
                        <uuid>_a-0000dcf6-cb79-8000-5130-010000010000_38959</uuid>
                        <uuid>_a-0000dcf6-cb79-8000-5130-010000010000_38960</uuid>
                        <uuid>_a-0000dcf6-cb79-8000-5130-010000010000_38961</uuid>
                        <uuid>_a-0000dcf6-cb79-8000-5130-010000010000_38962</uuid>
                        <uuid>_a-0000dcf6-cb79-8000-5130-010000010000_38963</uuid>
                        <uuid>_a-0000dcf6-cb79-8000-5130-010000010000_38966</uuid>
                        <uuid>_a-0000dcf6-cb79-8000-5130-010000010000_38967</uuid>
                        <uuid>_a-0000dcf6-cb79-8000-5130-010000010000_38970</uuid>
                        <uuid>_a-0000dcf6-cb79-8000-5130-010000010000_39141</uuid>
                        <uuid>_a-0000dcf6-cb79-8000-5130-010000010000_39144</uuid>
                        <uuid>_a-0000dcf6-cb79-8000-5130-010000010000_39151</uuid>
                        <uuid>_a-0000dcff-77ee-8000-5130-010000010000_39680</uuid>
                        <uuid>_a-0000dcff-77ee-8000-5130-010000010000_40014</uuid>
                        <uuid>_a-0000dcff-77ee-8000-5130-010000010000_40016</uuid>
                        <uuid>_a-0000dcff-77ee-8000-5130-010000010000_40017</uuid>
                        <uuid>_a-0000dcff-77ee-8000-5130-010000010000_40024</uuid>
                        <uuid>_a-0000dcff-77ee-8000-5130-010000010000_40026</uuid>
                        <uuid>_a-0000dcff-77ee-8000-5130-010000010000_40030</uuid>
                        <uuid>_a-0000dcff-77ee-8000-5130-010000010000_40036</uuid>
                        <uuid>_a-0000dcff-77ee-8000-5130-010000010000_40057</uuid>
                        <uuid>_a-0000dcff-77ee-8000-5130-010000010000_40076</uuid>
                        <uuid>_a-0000dcff-77ee-8000-5130-010000010000_40078</uuid>
                        <uuid>_a-0000dcff-77ee-8000-5130-010000010000_40092</uuid>
                        <uuid>_a-0000dcff-77ee-8000-5130-010000010000_40095</uuid>
                        <uuid>_a-0000dcff-77ee-8000-5130-010000010000_40096</uuid>
                        <uuid>_a-0000dcff-77ee-8000-5130-010000010000_40100</uuid>
                        <uuid>_a-0000dcff-77ee-8000-5130-010000010000_40101</uuid>
                        <uuid>_a-0000dcff-77ee-8000-5130-010000010000_40107</uuid>
                        <uuid>_a-0000dcff-77ee-8000-5130-010000010000_40111</uuid>
                        <uuid>_a-0000dcff-77ee-8000-5130-010000010000_40117</uuid>
                        <uuid>_a-0000dcff-77ee-8000-5130-010000010000_40362</uuid>
                        <uuid>_a-0000dcff-77ee-8000-5130-010000010000_40364</uuid>
                        <uuid>_a-0000dcff-77ee-8000-5130-010000010000_40380</uuid>
                        <uuid>_a-0000dcff-77ee-8000-5130-010000010000_40405</uuid>
                        <uuid>_a-0000dcff-77ee-8000-5130-010000010000_40410</uuid>
                        <uuid>_a-0000dcff-77ee-8000-5130-010000010000_40413</uuid>
                        <uuid>_a-0000dcff-77ee-8000-5130-010000010000_40427</uuid>
                        <uuid>_a-0000dcff-77ee-8000-5130-010000010000_40428</uuid>
                        <uuid>_a-0000dcff-77ee-8000-5130-010000010000_40436</uuid>
                        <uuid>_a-0000dcff-77ee-8000-5130-010000010000_40437</uuid>
                        <uuid>_a-0000dcff-77ee-8000-5130-010000010000_40527</uuid>
                        <uuid>_a-0000dcff-77ee-8000-5130-010000010000_40528</uuid>
                        <uuid>_a-0000dcff-77ee-8000-5130-010000010000_40532</uuid>
                        <uuid>_a-0000dcff-77ee-8000-5130-010000010000_40535</uuid>
                        <uuid>_a-0000dcff-77ee-8000-5130-010000010000_40537</uuid>
                        <uuid>_a-0000dcff-77ee-8000-5130-010000010000_40541</uuid>
                        <uuid>_a-0000dd04-c8ae-8000-5130-010000010000_40718</uuid>
                        <uuid>_a-0000dd04-c8ae-8000-5130-010000010000_40735</uuid>
                        <uuid>_a-0000dd04-c8ae-8000-5130-010000010000_40737</uuid>
                        <uuid>_a-0000dd04-c8ae-8000-5130-010000010000_40749</uuid>
                        <uuid>_a-0000dd09-64bb-8000-5130-010000010000_40927</uuid>
                        <uuid>_a-0000dd09-64bb-8000-5130-010000010000_40929</uuid>
                        <uuid>_a-0000dd0b-f547-8000-5130-010000010000_41122</uuid>
                        <uuid>_a-0000dd0b-f547-8000-5130-010000010000_41124</uuid>
                        <uuid>_a-0000dd0b-f547-8000-5130-010000010000_41125</uuid>
                        <uuid>_a-0000dd0b-f547-8000-5130-010000010000_41129</uuid>
                        <uuid>_a-0000dd0b-f547-8000-5130-010000010000_41131</uuid>
                        <uuid>_a-0000dd0c-08f6-8000-5130-010000010000_41137</uuid>
                        <uuid>_a-0000dd0c-08f6-8000-5130-010000010000_41140</uuid>
                        <uuid>_a-0000dd0c-08f6-8000-5130-010000010000_41142</uuid>
                        <uuid>_a-0000dd0c-08f6-8000-5130-010000010000_41144</uuid>
                        <uuid>_a-0000dd0c-08f6-8000-5130-010000010000_41147</uuid>
                        <uuid>_a-0000dd0c-08f6-8000-5130-010000010000_41148</uuid>
                        <uuid>_a-0000dcb6-5d2b-8000-5130-010000010000_32324</uuid>
                        <uuid>_a-0000dd0c-08f6-8000-5130-010000010000_41155</uuid>
                        <uuid>_a-0000dd0c-08f6-8000-5130-010000010000_41165</uuid>
                        <uuid>_a-0000dd0c-08f6-8000-5130-010000010000_41168</uuid>
                        <uuid>_a-0000dd0c-08f6-8000-5130-010000010000_41169</uuid>
                        <uuid>_a-0000dd0c-08f6-8000-5130-010000010000_41173</uuid>
                        <uuid>_a-0000dd0c-08f6-8000-5130-010000010000_41176</uuid>
                        <uuid>_a-0000dd0c-08f6-8000-5130-010000010000_41178</uuid>
                        <uuid>_a-0000dd0c-08f6-8000-5130-010000010000_41179</uuid>
                        <uuid>_a-0000dd0c-08f6-8000-5130-010000010000_41185</uuid>
                        <uuid>_a-0000dcb6-5d2b-8000-5130-010000010000_32346</uuid>
                        <uuid>_a-0000dd0c-08f6-8000-5130-010000010000_41191</uuid>
                        <uuid>_a-0000dd0c-08f6-8000-5130-010000010000_41192</uuid>
                        <uuid>_a-0000dd0c-08f6-8000-5130-010000010000_41194</uuid>
                        <uuid>_a-0000dcb6-5d2b-8000-5130-010000010000_32747</uuid>
                        <uuid>_a-0000dd0c-08f6-8000-5130-010000010000_41198</uuid>
                        <uuid>_a-0000dd0c-08f6-8000-5130-010000010000_41203</uuid>
                        <uuid>_a-0000dd0c-08f6-8000-5130-010000010000_41207</uuid>
                        <uuid>_a-0000dd0c-ffa4-8000-5130-010000010000_41413</uuid>
                        <uuid>_a-0000dd0c-ffa4-8000-5130-010000010000_41420</uuid>
                        <uuid>_a-0000dd0c-ffa4-8000-5130-010000010000_41433</uuid>
                        <uuid>_a-0000dd0c-ffa4-8000-5130-010000010000_41435</uuid>
                        <uuid>_a-0000dd0c-ffa4-8000-5130-010000010000_41450</uuid>
                        <uuid>_a-0000dd0c-ffa4-8000-5130-010000010000_41459</uuid>
                        <uuid>_a-0000dd0c-ffa4-8000-5130-010000010000_41461</uuid>
                        <uuid>_a-0000dd0c-ffa4-8000-5130-010000010000_41463</uuid>
                        <uuid>_a-0000dd0c-ffa4-8000-5130-010000010000_41464</uuid>
                        <uuid>_a-0000dd0c-ffa4-8000-5130-010000010000_41467</uuid>
                        <uuid>_a-0000dd0c-ffa4-8000-5130-010000010000_41469</uuid>
                        <uuid>_a-0000dd0c-ffa4-8000-5130-010000010000_41471</uuid>
                        <uuid>_a-0000dd0c-ffa4-8000-5130-010000010000_41476</uuid>
                        <uuid>_a-0000dd0c-ffa4-8000-5130-010000010000_41479</uuid>
                        <uuid>_a-0000dd0c-ffa4-8000-5130-010000010000_41480</uuid>
                        <uuid>_a-0000dd0c-ffa4-8000-5130-010000010000_41483</uuid>
                        <uuid>_a-0000dd0c-ffa4-8000-5130-010000010000_41485</uuid>
                        <uuid>_a-0000dd0c-ffa4-8000-5130-010000010000_41487</uuid>
                        <uuid>_a-0000dd0c-ffa4-8000-5130-010000010000_41567</uuid>
                        <uuid>_a-0000dd0c-ffa4-8000-5130-010000010000_41671</uuid>
                        <uuid>_a-0000dd0c-ffa4-8000-5130-010000010000_41918</uuid>
                        <uuid>_a-0000d690-12fb-8000-0f1a-010000010000_1375</uuid>
                        <uuid>_a-0000d806-c17f-8000-5892-010000010000_3484</uuid>
                        <uuid>_a-0000d690-12fb-8000-0f1a-010000010000_1352</uuid>
                        <uuid>_a-0000d62a-67b3-8000-da6f-010000010000_951</uuid>
                        <uuid>_a-0000d62a-67b3-8000-da6f-010000010000_950</uuid>
                        <uuid>_a-0000dd0c-ffa4-8000-5130-010000010000_41925</uuid>
                        <uuid>_a-0000dd0c-ffa4-8000-5130-010000010000_41927</uuid>
                        <uuid>_a-0000dc65-81d6-8000-a73e-010000010000_2375</uuid>
                        <uuid>_a-0000dc65-81d6-8000-a73e-010000010000_2381</uuid>
                        <uuid>_a-0000dc65-81d6-8000-a73e-010000010000_2376</uuid>
                        <uuid>_a-0000dc65-81d6-8000-a73e-010000010000_2386</uuid>
                        <uuid>_a-0000dc65-81d6-8000-a73e-010000010000_2374</uuid>
                        <uuid>_a-0000dc65-81d6-8000-a73e-010000010000_2373</uuid>
                        <uuid>_a-0000dc65-81d6-8000-a73e-010000010000_2387</uuid>
                        <uuid>14bdcd18-ccc7-4a15-b5b4-4f1aabe7fc3b</uuid>
                        <uuid>_a-0000dcd7-2308-8000-5130-010000010000_36552</uuid>
                        <uuid>_a-0000dd0c-ffa4-8000-5130-010000010000_41933</uuid>
                        <uuid>_a-0000dd0c-ffa4-8000-5130-010000010000_41943</uuid>
                        <uuid>_a-0000dc65-81d6-8000-a73e-010000010000_2361</uuid>
                        <uuid>_a-0000dc65-81d6-8000-a73e-010000010000_2362</uuid>
                        <uuid>_a-0000dc65-81d6-8000-a73e-010000010000_2363</uuid>
                        <uuid>_a-0000dc65-81d6-8000-a73e-010000010000_2364</uuid>
                        <uuid>_a-0000dc65-81d6-8000-a73e-010000010000_2365</uuid>
                        <uuid>_a-0000dc65-81d6-8000-a73e-010000010000_2366</uuid>
                        <uuid>_a-0000dc65-81d6-8000-a73e-010000010000_2367</uuid>
                        <uuid>_a-0000dc65-81d6-8000-a73e-010000010000_2368</uuid>
                        <uuid>_a-0000d89c-0dc5-8000-3ca7-0a000064044c_60138</uuid>
                        <uuid>_a-0000d89c-0dc5-8000-3ca7-0a000064044c_60233</uuid>
                        <uuid>_a-0000d89c-0dc5-8000-3ca7-0a000064044c_60137</uuid>
                        <uuid>_a-0000d735-2870-8000-9ba2-011c48011c48_4082</uuid>
                        <uuid>_a-0000d735-2870-8000-9ba2-011c48011c48_4084</uuid>
                        <uuid>_a-0000d735-2870-8000-9ba2-011c48011c48_4083</uuid>
                        <uuid>_a-0000d89c-0dc5-8000-3ca7-0a000064044c_60299</uuid>
                        <uuid>_a-0000d72c-f160-8000-ecfa-010000010000_1946</uuid>
                        <uuid>_a-0000d735-2870-8000-9ba2-011c48011c48_4081</uuid>
                        <uuid>_a-0000d73e-93de-8000-3ca7-0a000064044c_40630</uuid>
                        <uuid>_a-0000d229-1b2b-8000-7be3-680000680000_2445</uuid>
                        <uuid>_a-0000d229-1b2b-8000-7be3-680000680000_2444</uuid>
                        <uuid>_a-0000d89c-0dc5-8000-3ca7-0a000064044c_60311</uuid>
                        <uuid>_a-0000d89c-0dc5-8000-3ca7-0a000064044c_60279</uuid>
                        <uuid>_a-0000d229-1b2b-8000-7be3-680000680000_2449</uuid>
                        <uuid>_a-0000d32b-d729-8000-3ca7-0a000064044c_6320</uuid>
                        <uuid>_a-0000d229-1b2b-8000-7be3-680000680000_2442</uuid>
                        <uuid>_a-0000d229-1b2b-8000-7be3-680000680000_2450</uuid>
                        <uuid>_a-0000d89c-0dc5-8000-3ca7-0a000064044c_60309</uuid>
                        <uuid>_a-0000dd0c-ffa4-8000-5130-010000010000_42700</uuid>
                        <uuid>_a-0000dd0c-ffa4-8000-5130-010000010000_42701</uuid>
                        <uuid>_a-0000dd0c-ffa4-8000-5130-010000010000_42702</uuid>
                        <uuid>_a-0000dd0c-ffa4-8000-5130-010000010000_42705</uuid>
                        <uuid>_a-0000dd0c-ffa4-8000-5130-010000010000_42706</uuid>
                        <uuid>_a-0000dd0c-ffa4-8000-5130-010000010000_42707</uuid>
                        <uuid>_a-0000dd0c-ffa4-8000-5130-010000010000_42709</uuid>
                        <uuid>_a-0000dd0c-ffa4-8000-5130-010000010000_42710</uuid>
                        <uuid>_a-0000dd0c-ffa4-8000-5130-010000010000_42711</uuid>
                        <uuid>_a-0000dd0c-ffa4-8000-5130-010000010000_42713</uuid>
                        <uuid>_a-0000dd0c-ffa4-8000-5130-010000010000_42714</uuid>
                        <uuid>_a-0000dd0c-ffa4-8000-5130-010000010000_42717</uuid>
                        <uuid>_a-0000dd0c-ffa4-8000-5130-010000010000_42718</uuid>
                        <uuid>_a-0000dd0c-ffa4-8000-5130-010000010000_42719</uuid>
                        <uuid>_a-0000dd0c-ffa4-8000-5130-010000010000_42721</uuid>
                        <uuid>_a-0000dd0c-ffa4-8000-5130-010000010000_42722</uuid>
                        <uuid>_a-0000dd0c-ffa4-8000-5130-010000010000_42723</uuid>
                        <uuid>_a-0000d74d-4df4-8000-3ca7-0a000064044c_40765</uuid>
                        <uuid>_a-0000dd0c-ffa4-8000-5130-010000010000_42699</uuid>
                        <uuid>_a-0000dd0c-ffa4-8000-5130-010000010000_42704</uuid>
                        <uuid>_a-0000dd0c-ffa4-8000-5130-010000010000_42708</uuid>
                        <uuid>_a-0000dd0c-ffa4-8000-5130-010000010000_42712</uuid>
                        <uuid>_a-0000dd0c-ffa4-8000-5130-010000010000_42716</uuid>
                        <uuid>_a-0000dd0c-ffa4-8000-5130-010000010000_42720</uuid>
                        <uuid>_a-0000d74d-4df4-8000-3ca7-0a000064044c_40768</uuid>
                        <uuid>_a-0000d2df-48f5-8000-3ca7-0a000064044c_5799</uuid>
                        <uuid>_a-0000d5c2-d6d9-8000-3ca7-0a000064044c_25541</uuid>
                        <uuid>_a-0000dcb6-5d2b-8000-5130-010000010000_32750</uuid>
                        <uuid>_a-0000dcb6-5d2b-8000-5130-010000010000_30939</uuid>
                        <uuid>_a-0000dcd1-5675-8000-5130-010000010000_33327</uuid>
                        <uuid>_a-0000dcb6-5d2b-8000-5130-010000010000_31049</uuid>
                        <uuid>_a-0000dd0c-ffa4-8000-5130-010000010000_42725</uuid>
                        <uuid>_a-0000dcb6-5d2b-8000-5130-010000010000_31874</uuid>
                        <uuid>_a-0000dcb6-5d2b-8000-5130-010000010000_31875</uuid>
                        <uuid>_a-0000dd0c-ffa4-8000-5130-010000010000_42730</uuid>
                        <uuid>_a-0000dd0c-08f6-8000-5130-010000010000_41163</uuid>
                        <uuid>_a-0000dd0c-08f6-8000-5130-010000010000_41164</uuid>
                        <uuid>_a-0000d344-9a6a-8000-d376-680000680000_898</uuid>
                        <uuid>_a-0000dd0c-ffa4-8000-5130-010000010000_42733</uuid>
                        <uuid>_a-0000dd0c-ffa4-8000-5130-010000010000_42736</uuid>
                        <uuid>_a-0000dd0c-ffa4-8000-5130-010000010000_42739</uuid>
                        <uuid>_a-0000dd0c-ffa4-8000-5130-010000010000_42740</uuid>
                        <uuid>_a-0000dd0c-ffa4-8000-5130-010000010000_42745</uuid>
                        <uuid>_a-0000dd0c-ffa4-8000-5130-010000010000_42744</uuid>
                        <uuid>_a-0000dd0c-ffa4-8000-5130-010000010000_42748</uuid>
                        <uuid>_a-0000dcac-97e9-8000-a73e-010000010000_3274</uuid>
                        <uuid>_a-0000dc65-81d6-8000-a73e-010000010000_2477</uuid>
                        <uuid>_a-0000dcb6-5d2b-8000-5130-010000010000_32918</uuid>
                        <uuid>693d4589-ca73-46fe-9bc0-cc4232f0f888</uuid>
                        <uuid>_a-0000dcb9-f827-8000-a73e-010000010000_3838</uuid>
                        <uuid>_a-0000dc65-81d6-8000-a73e-010000010000_2454</uuid>
                        <uuid>_a-0000dcb6-5d2b-8000-5130-010000010000_31779</uuid>
                        <uuid>9484d4d5-0d2d-4644-99fb-28f44daa081b</uuid>
                        <uuid>_a-0000dd0c-08f6-8000-5130-010000010000_41162</uuid>
                        <uuid>_a-0000dcb6-5d2b-8000-5130-010000010000_30935</uuid>
                        <uuid>_a-0000dcd7-2308-8000-5130-010000010000_35076</uuid>
                        <uuid>_a-0000dcd7-2308-8000-5130-010000010000_35077</uuid>
                        <uuid>_a-0000dcd5-c570-8000-5130-010000010000_34399</uuid>
                        <uuid>5c118d07-8192-48c4-aefc-0203367325f7</uuid>
                        <uuid>_a-0000dd0c-ffa4-8000-5130-010000010000_42770</uuid>
                        <uuid>_a-0000dd0c-ffa4-8000-5130-010000010000_42773</uuid>
                        <uuid>_a-0000dd0c-ffa4-8000-5130-010000010000_42777</uuid>
                        <uuid>_a-0000dd0c-08f6-8000-5130-010000010000_41171</uuid>
                        <uuid>_a-0000dd0c-ffa4-8000-5130-010000010000_42780</uuid>
                        <uuid>_a-0000dcd7-2308-8000-5130-010000010000_35332</uuid>
                        <uuid>_a-0000dd0c-ffa4-8000-5130-010000010000_43021</uuid>
                        <uuid>_a-0000dd0c-ffa4-8000-5130-010000010000_43029</uuid>
                        <uuid>_a-0000dd0c-ffa4-8000-5130-010000010000_43030</uuid>
                        <uuid>_a-0000dcb6-5d2b-8000-5130-010000010000_33022</uuid>
                        <uuid>_a-0000dcd7-2308-8000-5130-010000010000_35611</uuid>
                        <uuid>_a-0000dd0c-ffa4-8000-5130-010000010000_43450</uuid>
                        <uuid>_a-0000dd0c-ffa4-8000-5130-010000010000_43441</uuid>
                        <uuid>_a-0000dd16-0574-8000-9ba2-011c48011c48_26517</uuid>
                        <uuid>_a-0000d62a-67b3-8000-da6f-010000010000_957</uuid>
                        <uuid>_a-0000d615-4c22-8000-da6f-010000010000_777</uuid>
                        <uuid>_a-0000d618-256c-8000-da6f-010000010000_859</uuid>
                    </uuids>
                </item>
                <item>
                    <type>forum</type>
                    <uuids/>
                </item>
                <item>
                    <type>processModelFolder</type>
                    <uuids>
                        <uuid>_g-0000dcd6-cfce-8000-5131-010000010000_113</uuid>
                        <uuid>_g-0000dcd6-cfce-8000-5131-010000010000_112</uuid>
                        <uuid>_g-0000dcff-7596-8000-5131-010000010000_144</uuid>
                        <uuid>_g-0000dcd6-cfce-8000-5131-010000010000_135</uuid>
                        <uuid>_g-0000dcd6-cfce-8000-5131-010000010000_137</uuid>
                        <uuid>_g-0000dcd6-cfce-8000-5131-010000010000_128</uuid>
                    </uuids>
                </item>
                <item>
                    <type>processModel</type>
                    <uuids>
                        <uuid>001fdcf9-6209-8000-5131-010000010000</uuid>
                        <uuid>0002dcfa-92a3-8000-5131-010000010000</uuid>
                        <uuid>0009dcf9-6038-8000-5131-010000010000</uuid>
                        <uuid>0004dd02-ca6a-8000-5131-010000010000</uuid>
                        <uuid>0003dd02-deee-8000-5131-010000010000</uuid>
                        <uuid>0004dd02-e447-8000-5131-010000010000</uuid>
                        <uuid>0007dd03-2ceb-8000-5131-010000010000</uuid>
                    </uuids>
                </item>
                <item>
                    <type>portlet</type>
                    <uuids/>
                </item>
                <item>
                    <type>page</type>
                    <uuids/>
                </item>
                <item>
                    <type>application</type>
                    <uuids/>
                </item>
                <item>
                    <type>tempoFeed</type>
                    <uuids>
                        <uuid>a1c1b844-a4a6-4661-bd41-8a643d2ef434</uuid>
                        <uuid>ee8c266c-cff8-43b9-b8ba-9671a4eef872</uuid>
                    </uuids>
                </item>
                <item>
                    <type>recordType</type>
                    <uuids>
                        <uuid>9fd0ee82-e322-43ff-9e63-85b61d93a3c9</uuid>
                        <uuid>19797e90-15b4-4a42-9b86-c1e0ad2a18df</uuid>
                    </uuids>
                </item>
                <item>
                    <type>tempoReport</type>
                    <uuids/>
                </item>
                <item>
                    <type>taskReport</type>
                    <uuids>
                        <uuid>a93c53f3-4eb7-4fa7-bc72-bf90cc2b9b3d</uuid>
                        <uuid>322f0a11-e65d-42f3-8b36-15af7051c26b</uuid>
                        <uuid>e3392af8-0f70-4246-88f3-18b2cc68e03f</uuid>
                        <uuid>ca06503e-3dfe-493f-a2e5-d79d86a7d4ee</uuid>
                    </uuids>
                </item>
                <item>
                    <type>webApi</type>
                    <uuids/>
                </item>
                <item>
                    <type>site</type>
                    <uuids>
                        <uuid>4d11660f-1a87-49da-9426-03a22fab8dfe</uuid>
                        <uuid>d7c23842-ca48-41f6-8b3e-e5720e78cbf1</uuid>
                    </uuids>
                </item>
                <item>
                    <type>adminSetting</type>
                    <uuids/>
                </item>
                <item>
                    <type>thirdPartyCredentials</type>
                    <uuids/>
                </item>
                <item>
                    <type>dataSource</type>
                    <uuids/>
                </item>
                <item>
                    <type>embeddedSailTheme</type>
                    <uuids/>
                </item>
                <item>
                    <type>connectedSystem</type>
                    <uuids/>
                </item>
            </globalIdMap>
        </associatedObjects>
        <applicationNavigation/>
        <applicationActions>
            <action>
                <displayLabel>Initiate Endpoint Adjudication</displayLabel>
                <description>This action allows users to initiate Endpoint Adjudication in the system</description>
                <processModelUuid>0002dcfa-92a3-8000-5131-010000010000</processModelUuid>
                <actionUuid>9af99c82-f8c1-420a-b2f3-e378c3852874</actionUuid>
            </action>
            <action>
                <displayLabel>Create and Configure New Study</displayLabel>
                <description>This action allows users to create and configure new study in the system</description>
                <processModelUuid>0009dcf9-6038-8000-5131-010000010000</processModelUuid>
                <actionUuid>bd9838c4-335a-46a7-86b9-f94af587eb94</actionUuid>
            </action>
        </applicationActions>
        <associatedApplications>
            <globalIdMap>
                <item>
                    <type>datatype</type>
                    <uuids/>
                </item>
                <item>
                    <type>dataStore</type>
                    <uuids/>
                </item>
                <item>
                    <type>user</type>
                    <uuids/>
                </item>
                <item>
                    <type>groupType</type>
                    <uuids/>
                </item>
                <item>
                    <type>group</type>
                    <uuids/>
                </item>
                <item>
                    <type>content</type>
                    <uuids/>
                </item>
                <item>
                    <type>forum</type>
                    <uuids/>
                </item>
                <item>
                    <type>processModelFolder</type>
                    <uuids/>
                </item>
                <item>
                    <type>processModel</type>
                    <uuids/>
                </item>
                <item>
                    <type>portlet</type>
                    <uuids/>
                </item>
                <item>
                    <type>page</type>
                    <uuids/>
                </item>
                <item>
                    <type>application</type>
                    <uuids/>
                </item>
                <item>
                    <type>tempoFeed</type>
                    <uuids/>
                </item>
                <item>
                    <type>recordType</type>
                    <uuids/>
                </item>
                <item>
                    <type>tempoReport</type>
                    <uuids/>
                </item>
                <item>
                    <type>taskReport</type>
                    <uuids/>
                </item>
                <item>
                    <type>webApi</type>
                    <uuids/>
                </item>
                <item>
                    <type>site</type>
                    <uuids/>
                </item>
                <item>
                    <type>adminSetting</type>
                    <uuids/>
                </item>
                <item>
                    <type>thirdPartyCredentials</type>
                    <uuids/>
                </item>
                <item>
                    <type>dataSource</type>
                    <uuids/>
                </item>
                <item>
                    <type>embeddedSailTheme</type>
                    <uuids/>
                </item>
                <item>
                    <type>connectedSystem</type>
                    <uuids/>
                </item>
            </globalIdMap>
        </associatedApplications>
    </application>
    <roleMap>
        <contentRoleMap public="true">
            <role inherit="false" allowForAll="false" name="readers">
                <users/>
                <groups>
                    <groupUuid>_e-0001dcd6-cfce-8000-512d-010000010000_177</groupUuid>
                </groups>
            </role>
            <role inherit="false" allowForAll="false" name="authors">
                <users/>
                <groups/>
            </role>
            <role inherit="false" allowForAll="false" name="administrators">
                <users/>
                <groups>
                    <groupUuid>_e-0001dcd6-cfce-8000-512d-010000010000_171</groupUuid>
                </groups>
            </role>
            <role inherit="false" allowForAll="false" name="denyReaders">
                <users/>
                <groups/>
            </role>
            <role inherit="false" allowForAll="false" name="denyAuthors">
                <users/>
                <groups/>
            </role>
            <role inherit="false" allowForAll="false" name="denyAdministrators">
                <users/>
                <groups/>
            </role>
        </contentRoleMap>
    </roleMap>
    <history>
        <historyInfo versionUuid="_a-0000e0e6-ca6a-8000-6ee0-010000010000_69904"/>
    </history>
</applicationHaul>
