<?xml version="1.0" encoding="UTF-8" standalone="yes"?>
<groupHaul xmlns:a="http://www.appian.com/ae/types/2009">
    <group>
        <name>EPAS CRA</name>
        <securityMap>SECURITYMAP_PUBLIC</securityMap>
        <uuid>_e-0001dcd6-cfce-8000-512d-010000010000_173</uuid>
        <groupTypeUuid>_f-0001dcd6-cfce-8000-512d-010000010000_8</groupTypeUuid>
        <parentUuid>_e-0001dcd6-cfce-8000-512d-010000010000_177</parentUuid>
        <description>Contains a list of Users responsible for creating the endpoint task in the system and uploading the relevant documents </description>
        <delegatedCreation>false</delegatedCreation>
        <memberPolicy>MEMBERPOLICY_CLOSED</memberPolicy>
        <viewingPolicy>VIEWINGPOLICY_LOW</viewingPolicy>
        <attributes/>
    </group>
    <members>
        <users/>
        <groups/>
    </members>
    <admins>
        <users/>
        <groups>
            <groupUuid>_e-0001dcd6-cfce-8000-512d-010000010000_171</groupUuid>
        </groups>
    </admins>
    <ruleSet/>
</groupHaul>
