<?xml version="1.0" encoding="UTF-8" standalone="yes"?>
<groupHaul xmlns:a="http://www.appian.com/ae/types/2009">
    <group>
        <name>EPAS Reviewers</name>
        <securityMap>SECURITYMAP_PERSONAL</securityMap>
        <uuid>_e-0000dd0b-cb43-8000-512d-010000010000_229</uuid>
        <groupTypeUuid>SYSTEM_GROUP_TYPE_CUSTOM</groupTypeUuid>
        <description></description>
        <delegatedCreation>false</delegatedCreation>
        <memberPolicy>MEMBERPOLICY_CLOSED</memberPolicy>
        <viewingPolicy>VIEWINGPOLICY_HIGH</viewingPolicy>
        <attributes/>
    </group>
    <members>
        <users/>
        <groups>
            <groupUuid>_e-0001dcd6-cfce-8000-512d-010000010000_175</groupUuid>
            <groupUuid>_e-0001dcd6-cfce-8000-512d-010000010000_176</groupUuid>
            <groupUuid>_e-0001dcd6-cfce-8000-512d-010000010000_174</groupUuid>
        </groups>
    </members>
    <admins>
        <users/>
        <groups/>
    </admins>
    <ruleSet/>
</groupHaul>
