<?xml version="1.0" encoding="UTF-8" standalone="yes"?>
<groupHaul xmlns:a="http://www.appian.com/ae/types/2009">
    <group>
        <name>EPAS Application Users</name>
        <securityMap>SECURITYMAP_PUBLIC</securityMap>
        <uuid>_e-0001dcd6-cfce-8000-512d-010000010000_177</uuid>
        <groupTypeUuid>_f-0001dcd6-cfce-8000-512d-010000010000_8</groupTypeUuid>
        <description>Users who will have access to EPAS Application features</description>
        <delegatedCreation>false</delegatedCreation>
        <memberPolicy>MEMBERPOLICY_CLOSED</memberPolicy>
        <viewingPolicy>VIEWINGPOLICY_LOW</viewingPolicy>
        <attributes/>
    </group>
    <members>
        <users/>
        <groups>
            <groupUuid>_e-0001dcd6-cfce-8000-512d-010000010000_175</groupUuid>
            <groupUuid>_e-0001dcd6-cfce-8000-512d-010000010000_176</groupUuid>
            <groupUuid>_e-0001dcd6-cfce-8000-512d-010000010000_172</groupUuid>
            <groupUuid>_e-0001dcd6-cfce-8000-512d-010000010000_173</groupUuid>
            <groupUuid>_e-0001dcd6-cfce-8000-512d-010000010000_174</groupUuid>
        </groups>
    </members>
    <admins>
        <users/>
        <groups/>
    </admins>
    <ruleSet/>
</groupHaul>
