<?xml version="1.0" encoding="UTF-8"?>
<siteHaul xmlns:a="http://www.appian.com/ae/types/2009" xmlns:xsi="http://www.w3.org/2001/XMLSchema-instance">
  <versionUuid>9ea32559-a157-4cd2-a96b-776b676f98ff</versionUuid>
  <site a:uuid="d7c23842-ca48-41f6-8b3e-e5720e78cbf1" name="END POINT ADJUDICATION SYSTEM">
    <description/>
    <urlStub>end-point-adjudication-system</urlStub>
    <page>
      <staticName>Task List</staticName>
      <description/>
      <urlStub>task-list</urlStub>
      <uiObject a:uuid="a93c53f3-4eb7-4fa7-bc72-bf90cc2b9b3d" xsi:type="a:TaskReport"/>
      <iconId>f046</iconId>
      <visibilityExpr>fn!true()</visibilityExpr>
      <pageWidth>STANDARD</pageWidth>
    </page>
    <page>
      <staticName>Study Dashboard</staticName>
      <description/>
      <urlStub>study-dashboard</urlStub>
      <uiObject a:uuid="ca06503e-3dfe-493f-a2e5-d79d86a7d4ee" xsi:type="a:TaskReport"/>
      <iconId>f00a</iconId>
      <visibilityExpr>isusermemberofgroup(loggedInUser(),#"_a-0000dcd7-2308-8000-5130-010000010000_35079")</visibilityExpr>
      <pageWidth>STANDARD</pageWidth>
    </page>
    <visibility>268435456</visibility>
    <headerBackgroundColor/>
    <selectedTabBackgroundColor/>
    <faviconRef a:uuid="SYSTEM_CONTENT_SITES_DEFAULT_FAVICON" xsi:type="a:CollaborationDocument"/>
    <faviconHref/>
    <logoRef a:uuid="SYSTEM_CONTENT_SITES_DEFAULT_LOGO" xsi:type="a:CollaborationDocument"/>
    <logoHref/>
    <headerBackgroundColorExpr/>
    <selectedTabBackgroundColorExpr/>
    <accentColor>#1D659C</accentColor>
    <accentColorExpr xsi:nil="true"/>
    <logoExpr xsi:nil="true"/>
    <faviconExpr xsi:nil="true"/>
    <showName>false</showName>
    <tempoLinkVisibility>HIDDEN</tempoLinkVisibility>
    <showRecordNews>false</showRecordNews>
  </site>
  <roleMap>
    <role name="site_viewer">
      <users/>
      <groups>
        <groupUuid>_e-0000dd0b-cb43-8000-512d-010000010000_229</groupUuid>
      </groups>
    </role>
  </roleMap>
  <history>
    <historyInfo versionUuid="9ea32559-a157-4cd2-a96b-776b676f98ff"/>
  </history>
</siteHaul>
